{"model":{"version":3,"nodes":[{"name":"RootNode","position":[0,0,0],"rotation":[0,0,0],"scale":[0.01,0.01,0.01],"scaleCompensation":false},{"name":"Model","position":[0,0,0],"rotation":[0,0,0],"scale":[1,1,1],"scaleCompensation":false},{"name":"Mesh1","position":[0,0,0],"rotation":[0,0,0],"scale":[1,1,1],"scaleCompensation":false}],"parents":[-1,0,1],"skins":[],"morphs":[],"vertices":[{"position":{"type":"float32","components":3,"data":[-0.07,-0.01,-0.25,0.07,-0.01,0.25,-0.07,-0.01,0.25,0.07,-0.01,-0.25,0.07,0.01,-0.25,-0.07,0.01,0.25,0.07,0.01,0.25,-0.07,0.01,-0.25,0.07,0.01,0.25,-0.07,0.01,0.25,-0.07,-0.01,0.25,0.07,-0.01,0.25,-0.07,0.01,0.25,-0.07,-0.01,-0.25,-0.07,-0.01,0.25,-0.07,0.01,-0.25,0.07,-0.01,-0.25,-0.07,-0.01,-0.25,-0.07,0.01,-0.25,0.07,0.01,-0.25,0.07,0.01,-0.25,0.07,0.01,0.25,0.07,-0.01,0.25,0.07,-0.01,-0.25]},"normal":{"type":"float32","components":3,"data":[0,-1,0,0,-1,0,0,-1,0,0,-1,0,0,1,0,0,1,0,0,1,0,0,1,0,0,0,1,0,0,1,0,0,1,0,0,1,-1,0,0,-1,0,0,-1,0,0,-1,0,0,0,0,-1,0,0,-1,0,0,-1,0,0,-1,1,0,0,1,0,0,1,0,0,1,0,0]},"texCoord0":{"type":"float32","components":2,"data":[1.11022e-16,3.60822e-16,-1,0.28,-1,3.60822e-16,2.15775e-08,0.28,1,0,1.20998e-07,0.28,-1.11022e-16,0,1,0.28,1,0.142857,1.57829e-08,0.142857,1.11022e-16,0,1,0,6.8034e-09,0.04,-1,-3.46945e-18,1.11022e-16,-3.46945e-18,-1,0.04,-1,-2.77556e-17,-4.44089e-16,-2.77556e-17,4.53713e-08,0.142857,-1,0.142857,1,0.04,3.57624e-09,0.04,0,-3.46945e-18,1,-3.46945e-18]}}],"meshes":[{"aabb":{"min":[-0.07,-0.01,-0.25],"max":[0.07,0.01,0.25]},"vertices":0,"indices":[0,1,2,1,0,3,4,5,6,5,4,7,8,9,10,8,10,11,12,13,14,13,12,15,16,17,18,16,18,19,20,21,22,22,23,20],"type":"triangles","base":0,"count":36}],"meshInstances":[{"node":2,"mesh":0}]}}