{"model":{"version":3,"nodes":[{"name":"RootNode","position":[0,0,0],"rotation":[0,0,0],"scale":[0.01,0.01,0.01],"scaleCompensation":false},{"name":"Model","position":[0,0,0],"rotation":[0,0,0],"scale":[1,1,1],"scaleCompensation":false},{"name":"Mesh1","position":[0,0,0],"rotation":[0,0,0],"scale":[1,1,1],"scaleCompensation":false}],"parents":[-1,0,1],"skins":[],"morphs":[],"vertices":[{"position":{"type":"float32","components":3,"data":[-0.1,0.03,0.1,0.1,0.03,0.1,-0.1,0.03,-0.0760073,0.1,0.03,-0.0760073,0.1,0.03,0.1,-0.1,0.03,0.1,-0.1,0,0.1,0.1,0,0.1,0.1,0,0.1,0.1,0.03,-0.0760073,0.1,0.03,0.1,0.1,0.23,-0.1,0.1,0,-0.1,0.1,0.23,-0.0760073,-0.1,0,-0.1,-0.1,0.23,-0.1,0.1,0,-0.1,0.1,0.23,-0.1,-0.1,0,0.1,-0.1,0.03,-0.0760073,-0.1,0,-0.1,-0.1,0.03,0.1,-0.1,0.23,-0.0760073,-0.1,0.23,-0.1,0.1,0.23,-0.0760073,-0.1,0.23,-0.1,-0.1,0.23,-0.0760073,0.1,0.23,-0.1,0.1,0.23,-0.0760073,-0.1,0.23,-0.0760073,-0.1,0.03,-0.0760073,0.1,0.03,-0.0760073,0.1,0,-0.1,-0.02,0,-0.02,-0.1,0,-0.1,0.02,0,-0.02,0.02,0,0.02,-0.1,0,0.1,-0.02,0,0.02,0.1,0,0.1,-0.02,-0.15,-0.02,-0.1,-0.15,-0.02,-0.1,-0.141998,-0.02,-0.02,-0.141998,-0.02,0.1,-0.141998,0.02,0.02,-0.141998,0.02,0.02,-0.15,0.02,0.1,-0.15,0.02,0.02,-0.141998,0.02,0.02,0,0.02,-0.02,0,0.02,-0.02,-0.141998,0.02,0.02,-0.141998,-0.02,0.02,0,0.02,0.02,-0.141998,0.02,0.02,0,-0.02,-0.1,-0.15,-0.02,-0.02,-0.15,0.02,-0.1,-0.15,0.02,0.1,-0.15,0.02,0.02,-0.15,-0.02,0.1,-0.15,-0.02,-0.02,-0.15,-0.02,0.02,-0.15,0.02,0.02,-0.15,-0.1,-0.02,-0.15,-0.1,0.02,-0.15,0.1,-0.02,-0.15,0.1,-0.02,-0.141998,-0.02,0.02,0,-0.02,0.02,-0.141998,-0.02,-0.02,0,-0.02,-0.02,-0.141998,0.02,-0.02,0,0.02,-0.02,0,-0.02,-0.02,-0.141998,-0.02,0.02,-0.141998,0.02,-0.02,-0.141998,0.02,0.02,-0.141998,-0.02,-0.02,-0.141998,-0.02,0.1,-0.15,0.02,0.1,-0.15,-0.02,0.1,-0.141998,0.02,0.1,-0.141998,-0.02,0.1,-0.141998,0.02,0.02,-0.141998,-0.02,0.02,-0.141998,0.02,0.1,-0.141998,-0.02,-0.1,-0.141998,-0.02,-0.1,-0.15,0.02,-0.1,-0.141998,0.02,-0.1,-0.15,-0.02,-0.02,-0.141998,-0.02,-0.1,-0.141998,-0.02,-0.02,-0.141998,0.02,-0.1,-0.141998,0.02,0.02,-0.141998,-0.02,0.1,-0.15,-0.02,0.02,-0.15,-0.02,0.1,-0.141998,-0.02,0.02,-0.15,-0.1,-0.02,-0.15,-0.1,-0.02,-0.141998,-0.1,0.02,-0.141998,-0.1,-0.02,-0.141998,-0.1,-0.02,-0.15,-0.02,-0.02,-0.15,-0.1,0.02,-0.141998,-0.02,0.02,-0.141998,-0.1,-0.02,-0.141998,-0.1,0.02,-0.15,-0.02,0.02,-0.15,-0.1,0.02,-0.141998,-0.02,0.02,-0.141998,-0.1,-0.1,-0.141998,0.02,-0.1,-0.15,0.02,-0.02,-0.15,0.02,0.02,-0.141998,0.1,-0.02,-0.141998,0.1,-0.02,-0.15,0.1,0.02,-0.15,0.1,0.02,-0.15,0.1,0.02,-0.15,0.02,0.02,-0.141998,0.1,0.02,-0.141998,0.02,0.02,-0.141998,0.1,0.02,-0.141998,0.02,-0.02,-0.141998,0.1,-0.02,-0.141998,0.1,-0.02,-0.141998,0.02,-0.02,-0.15,0.1,-0.02,-0.15,0.02]},"normal":{"type":"float32","components":3,"data":[0,1,0,0,1,0,0,1,0,0,1,0,0,0,1,0,0,1,0,0,1,0,0,1,1,0,0,1,0,0,1,0,0,1,0,0,1,0,0,1,0,0,-5.63993e-17,0,-1,-5.63993e-17,0,-1,-5.63993e-17,0,-1,-5.63993e-17,0,-1,-1,0,-5.63993e-17,-1,0,-5.63993e-17,-1,0,-5.63993e-17,-1,0,-5.63993e-17,-1,0,-5.63993e-17,-1,0,-5.63993e-17,0,1,0,0,1,0,0,1,0,0,1,0,-5.63993e-17,0,1,-5.63993e-17,0,1,-5.63993e-17,0,1,-5.63993e-17,0,1,0,-1,0,0,-1,0,0,-1,0,0,-1,0,0,-1,0,0,-1,0,0,-1,0,0,-1,0,0,0,-1,0,0,-1,0,0,-1,0,0,-1,3.52496e-17,0,1,3.52496e-17,0,1,3.52496e-17,0,1,3.52496e-17,0,1,0,0,1,0,0,1,0,0,1,0,0,1,1,9.92957e-18,-3.52496e-17,1,9.92957e-18,-3.52496e-17,1,9.92957e-18,-3.52496e-17,1,9.92957e-18,-3.52496e-17,0,-1,0,0,-1,0,0,-1,0,0,-1,0,0,-1,0,0,-1,0,0,-1,0,0,-1,0,0,-1,0,0,-1,0,0,-1,0,0,-1,0,3.52496e-17,9.92957e-18,-1,3.52496e-17,9.92957e-18,-1,3.52496e-17,9.92957e-18,-1,3.52496e-17,9.92957e-18,-1,-1,0,0,-1,0,0,-1,0,0,-1,0,0,0,-1,0,0,-1,0,0,-1,0,0,-1,0,1,-1.76212e-16,-3.52496e-17,1,-1.76212e-16,-3.52496e-17,1,-1.76212e-16,-3.52496e-17,1,-1.76212e-16,-3.52496e-17,1.76212e-16,1,0,1.76212e-16,1,0,1.76212e-16,1,0,1.76212e-16,1,0,-1,0,0,-1,0,0,-1,0,0,-1,0,0,0,1,0,0,1,0,0,1,0,0,1,0,-1.76248e-17,-1.76212e-16,-1,-1.76248e-17,-1.76212e-16,-1,-1.76248e-17,-1.76212e-16,-1,-1.76248e-17,-1.76212e-16,-1,0,0,-1,0,0,-1,0,0,-1,0,0,-1,-1,0,0,-1,0,0,-1,0,0,0,1,0,0,1,0,0,1,0,1,3.52423e-16,0,1,3.52423e-16,0,1,3.52423e-16,0,1,3.52423e-16,0,0,0,1,0,0,1,0,0,1,0,0,1,0,0,1,0,0,1,0,0,1,1,0,0,1,0,0,1,0,0,1,0,0,0,1,0,0,1,0,0,1,0,-1,3.52423e-16,0,-1,3.52423e-16,0,-1,3.52423e-16,0,-1,3.52423e-16,0]},"texCoord0":{"type":"float32","components":2,"data":[-0.109361,-0.109361,0.109361,-0.109361,-0.109361,0.0831225,0.109361,0.0831225,0.109361,0.0328084,-0.109361,0.0328084,-0.109361,0,0.109361,0,-0.109361,0,0.0831225,0.0328084,-0.109361,0.0328084,0.109361,0.251531,0.109361,0,0.0831225,0.251531,0.164042,0,0.164042,0.377297,-0.164042,0,-0.164042,0.377297,0.109361,0,-0.0831225,0.0328084,-0.109361,0,0.109361,0.0328084,-0.0831225,0.251531,-0.109361,0.251531,0.109361,0.0831225,-0.109361,0.109361,-0.109361,0.0831225,0.109361,0.109361,0.109361,0.251531,-0.109361,0.251531,-0.109361,0.0328084,0.109361,0.0328084,-0.164042,0.164042,0.0328084,0.0328084,0.164042,0.164042,-0.0328084,0.0328084,-0.0328084,-0.0328084,0.164042,-0.164042,0.0328084,-0.0328084,-0.164042,-0.164042,0.0328084,-0.246063,0.164042,-0.246063,0.164042,-0.232937,0.0328084,-0.232937,0.164042,-0.232937,0.0328084,-0.232937,0.0328084,-0.246063,0.164042,-0.246063,0.0328084,-0.232937,0.0328084,0,-0.0328084,0,-0.0328084,-0.232937,0.0328084,-0.232937,-0.0328084,-3.25773e-19,-0.0328084,-0.232937,0.0328084,-3.25773e-19,0.164042,0.0328084,0.0328084,-0.0328084,0.164042,-0.0328084,-0.164042,-0.0328084,-0.0328084,0.0328084,-0.164042,0.0328084,0.0328084,0.0328084,-0.0328084,-0.0328084,-0.0328084,0.164042,0.0328084,0.164042,-0.0328084,-0.164042,0.0328084,-0.164042,0.0328084,-0.232937,-0.0328084,-3.25773e-19,-0.0328084,-0.232937,0.0328084,-3.25773e-19,0.0328084,-0.232937,0.0328084,0,-0.0328084,0,-0.0328084,-0.232937,-0.0328084,-0.0328084,0.0328084,-0.0328084,-0.0328084,0.0328084,0.0328084,0.0328084,-0.0328084,-0.246063,0.0328084,-0.246063,-0.0328084,-0.232937,0.0328084,-0.232937,0.164042,-0.0328084,0.0328084,0.0328084,0.0328084,-0.0328084,0.164042,0.0328084,-0.0328084,-0.232937,0.0328084,-0.246063,0.0328084,-0.232937,-0.0328084,-0.246063,-0.0328084,0.0328084,-0.164042,0.0328084,-0.0328084,-0.0328084,-0.164042,-0.0328084,-0.0328084,-0.232937,-0.164042,-0.246063,-0.0328084,-0.246063,-0.164042,-0.232937,-0.0328084,-0.246063,0.0328084,-0.246063,0.0328084,-0.232937,-0.0328084,-0.232937,-0.164042,-0.232937,-0.0328084,-0.246063,-0.164042,-0.246063,0.0328084,0.0328084,0.0328084,0.164042,-0.0328084,0.164042,0.0328084,-0.246063,0.164042,-0.246063,0.0328084,-0.232937,0.164042,-0.232937,-0.164042,-0.232937,-0.164042,-0.246063,-0.0328084,-0.246063,0.0328084,-0.232937,-0.0328084,-0.232937,-0.0328084,-0.246063,0.0328084,-0.246063,-0.164042,-0.246063,-0.0328084,-0.246063,-0.164042,-0.232937,-0.0328084,-0.232937,0.0328084,-0.164042,0.0328084,-0.0328084,-0.0328084,-0.164042,0.164042,-0.232937,0.0328084,-0.232937,0.164042,-0.246063,0.0328084,-0.246063]}}],"meshes":[{"aabb":{"min":[-0.1,-0.15,-0.1],"max":[0.1,0.23,0.1]},"vertices":0,"indices":[0,1,2,1,3,2,4,5,6,4,6,7,8,9,10,11,9,12,9,11,13,9,8,12,18,19,20,19,18,21,19,22,23,23,20,19,24,25,26,25,24,27,28,29,30,28,30,31],"type":"triangles","base":0,"count":48},{"aabb":{"min":[-0.1,-0.15,-0.1],"max":[0.1,0.23,0.1]},"vertices":0,"indices":[14,15,16,16,15,17,32,33,34,33,32,35,35,32,36,37,38,39,38,37,34,38,34,33,39,38,36,39,36,32,40,41,42,40,42,43,44,45,46,44,46,47,48,49,50,50,51,48,52,53,54,53,52,55,56,57,58,59,60,61,57,56,62,60,59,63,64,60,65,63,66,67,63,57,60,60,62,65,57,63,67,62,60,57,68,69,70,69,68,71,72,73,74,72,74,75,76,77,78,77,79,78,80,81,82,82,81,83,84,85,86,85,84,87,88,89,90,89,88,91,92,93,94,95,94,93,96,97,98,97,96,99,100,101,102,100,102,103,104,105,75,105,104,106,107,108,92,92,108,109,110,111,112,112,111,113,51,114,115,51,115,116,117,118,119,117,119,120,121,122,123,123,122,124,125,126,127,127,126,94,128,129,130,130,129,131],"type":"triangles","base":0,"count":186}],"meshInstances":[{"node":2,"mesh":0},{"node":2,"mesh":1}]}}