{"model":{"version":3,"nodes":[{"name":"RootNode","position":[0,0,0],"rotation":[0,0,0],"scale":[0.01,0.01,0.01],"scaleCompensation":false},{"name":"Cube","position":[0,0,0],"rotation":[0,0,0],"scale":[1,1,1],"scaleCompensation":false},{"name":"Light","position":[407.625,590.386,-100.545],"rotation":[47.5336,107.221,10.7437],"scale":[100,100,100],"scaleCompensation":false},{"name":"Camera","position":[735.889,495.831,692.579],"rotation":[22.7688,142.108,34.3485],"scale":[100,100,100],"scaleCompensation":false}],"parents":[-1,0,0,0],"skins":[],"morphs":[],"vertices":[{"position":{"type":"float32","components":3,"data":[-100,100,100,-50,100,100,-50,100,50,-100,100,50,-100,100,100,-50,50,100,-50,100,100,-100,50,100,-100,100,-50,-100,100,-100,-100,50,-50,-100,50,-100,100,-100,100,50,-100,100,50,-100,50,100,-100,50,100,100,100,100,50,100,100,50,50,100,100,50,100,50,-100,50,50,-100,100,100,-100,50,100,-100,100,-50,-100,50,-50,-100,100,0,-100,50,0,-100,0,-50,-100,-50,-50,-100,0,0,-100,-50,0,-100,0,50,-100,-50,50,-100,0,100,-100,-50,100,-100,100,0,100,100,-50,100,100,-50,50,100,0,50,100,0,0,100,-50,0,100,-50,-50,100,0,-50,100,100,0,100,50,0,100,50,-50,100,100,-50,0,-100,100,-50,-100,100,-50,-100,50,0,-100,50,0,-100,0,-50,-100,0,-50,-100,-50,0,-100,-50,100,-100,0,50,-100,0,50,-100,-50,100,-100,-50,-100,0,-50,-100,0,-100,-100,-50,-50,-100,-50,-100,-100,0,50,-100,0,0,-100,-50,50,-100,-50,0,-100,100,50,-100,100,0,-100,50,50,-100,50,0,-100,0,100,-50,-50,100,-50,0,100,-100,-50,100,0,0,100,50,-50,100,50,0,100,0,-50,100,0,100,100,50,50,100,50,100,100,0,50,100,0,100,100,50,100,100,50,100,50,0,100,50,0,100,0,50,100,0,50,100,-50,0,100,-50,-100,100,0,-50,100,0,-50,100,-50,-100,100,-50,0,100,-100,-50,100,-100,-100,100,-100,50,100,-100,50,-100,100,0,-100,100,-50,-100,100,-100,-100,100,-100,50,100,-100,0,100,-100,100,100,-100,-100,50,-100,-100,0,-100,-50,100,-100,-100,100,-100,-100,-50,-100,-100,-100,0,-100,-100,50,-100,-100,100,-100,-100,-100,-100,0,-100,-100,-50,-100,-100,-100,-50,-100,-100,-100,-100,100,-100,-100,50,0,-100,-100,-50,-100,-100,50,-100,-100]},"normal":{"type":"float32","components":3,"data":[-0.577349,0.577349,0.577349,0,0.707083,0.707083,0,1,0,-0.707083,0.707083,0,-0.577349,0.577349,0.577349,0,0,1,0,0.707083,0.707083,-0.707083,0,0.707083,-0.707083,0.707083,0,-0.577349,0.577349,-0.577349,-1,0,0,-0.707083,0,-0.707083,0.577349,-0.577349,0.577349,0,-0.707083,0.707083,0,-1,0,0.707083,-0.707083,0,0.577349,0.577349,0.577349,0.707083,0,0.707083,1,0,0,0.707083,0.707083,0,0.707083,0,-0.707083,0,0,-1,0.577349,0.577349,-0.577349,0,0.707083,-0.707083,0.707083,0,-0.707083,0,0,-1,0.707083,0,-0.707083,0,0,-1,0,0,-1,0,0,-1,0,0,-1,0,0,-1,0,0,-1,0,0,-1,0,0.707083,-0.707083,0,0.707083,-0.707083,0.707083,0,0.707083,0.707083,0,0.707083,1,0,0,1,0,0,1,0,0,1,0,0,1,0,0,1,0,0,0.707083,0.707083,0,1,0,0,1,0,0,0.707083,0.707083,0,0,-0.707083,0.707083,0,-0.707083,0.707083,0,-1,0,0,-1,0,0,-1,0,0,-1,0,0,-1,0,0,-1,0,0.707083,-0.707083,0,0,-1,0,0,-1,0,0.707083,-0.707083,0,-1,0,0,-0.707083,0,-0.707083,-1,0,0,-0.707083,0,-0.707083,-1,0,0,-1,0,0,-1,0,0,-1,0,0,-0.707083,0.707083,0,-0.707083,0.707083,0,-1,0,0,-1,0,0,-0.707083,0,0.707083,0,0,1,0,0,1,-0.707083,0,0.707083,0,0,1,0,0,1,0,0,1,0,0,1,0,0.707083,0.707083,0,0,1,0,0.707083,0.707083,0,0,1,0,0.707083,0.707083,0,0.707083,0.707083,0,1,0,0,1,0,0,1,0,0,1,0,0,1,0,0,1,0,-0.707083,0.707083,0,0,1,0,0,1,0,-0.707083,0.707083,0,0,0.707083,-0.707083,0,0.707083,-0.707083,-0.577349,0.577349,-0.577349,0,0.707083,-0.707083,0,-0.707083,0.707083,0,-0.707083,0.707083,0,-0.707083,0.707083,-0.577349,-0.577349,0.577349,-0.707083,0,0.707083,-0.707083,0,0.707083,-0.577349,0.577349,0.577349,-0.707083,-0.707083,0,-0.707083,-0.707083,0,-0.707083,0,0.707083,-0.577349,-0.577349,0.577349,-0.707083,-0.707083,0,-0.577349,-0.577349,-0.577349,0,-0.707083,-0.707083,0,-0.707083,-0.707083,0.577349,-0.577349,-0.577349,-0.707083,-0.707083,0,-0.707083,-0.707083,0,-0.577349,-0.577349,-0.577349,0,-0.707083,-0.707083,-0.577349,-0.577349,0.577349,-0.707083,-0.707083,0,0,-0.707083,-0.707083,0,-0.707083,-0.707083,0,-0.707083,-0.707083]},"texCoord0":{"type":"float32","components":2,"data":[0.875,0.75,0.8125,0.75,0.8125,0.6875,0.875,0.6875,0.625,1,0.5625,0.9375,0.625,0.9375,0.5625,1,0.625,0.1875,0.625,0.25,0.5625,0.1875,0.5625,0.25,0.375,0.75,0.3125,0.75,0.3125,0.6875,0.375,0.6875,0.625,0.75,0.5625,0.75,0.5625,0.6875,0.625,0.6875,0.5625,0.5,0.5625,0.4375,0.625,0.5,0.625,0.4375,0.4375,0.5,0.4375,0.4375,0.5,0.5,0.5,0.4375,0.4375,0.375,0.4375,0.3125,0.5,0.375,0.5,0.3125,0.5625,0.375,0.5625,0.3125,0.625,0.375,0.625,0.3125,0.5,0.75,0.4375,0.75,0.4375,0.6875,0.5,0.6875,0.5,0.625,0.4375,0.625,0.4375,0.5625,0.5,0.5625,0.625,0.625,0.5625,0.625,0.5625,0.5625,0.625,0.5625,0.25,0.75,0.1875,0.75,0.1875,0.6875,0.25,0.6875,0.25,0.625,0.1875,0.625,0.1875,0.5625,0.25,0.5625,0.375,0.625,0.3125,0.625,0.3125,0.5625,0.375,0.5625,0.5,0.1875,0.5,0.25,0.4375,0.1875,0.4375,0.25,0.5,0.0625,0.5,0.125,0.4375,0.0625,0.4375,0.125,0.625,0.0625,0.625,0.125,0.5625,0.0625,0.5625,0.125,0.5,1,0.4375,0.9375,0.5,0.9375,0.4375,1,0.5,0.875,0.4375,0.8125,0.5,0.8125,0.4375,0.875,0.625,0.875,0.5625,0.8125,0.625,0.8125,0.5625,0.875,0.75,0.75,0.6875,0.75,0.6875,0.6875,0.75,0.6875,0.75,0.625,0.6875,0.625,0.6875,0.5625,0.75,0.5625,0.875,0.625,0.8125,0.625,0.8125,0.5625,0.875,0.5625,0.75,0.5,0.8125,0.5,0.875,0.5,0.6875,0.5,0.375,0.8125,0.375,0.875,0.375,0.9375,0.375,1,0.5625,0,0.5,0,0.625,0,0.375,0.0625,0.375,0.125,0.4375,0,0.375,0,0.375,0.1875,0.375,0.25,0.25,0.5,0.3125,0.5,0.375,0.5,0.125,0.625,0.125,0.5625,0.125,0.5,0.1875,0.5,0.125,0.75,0.125,0.6875,0.375,0.375,0.375,0.3125,0.375,0.4375]}}],"meshes":[{"aabb":{"min":[-100,-100,-100],"max":[100,100,100]},"vertices":0,"indices":[0,1,2,0,2,3,4,5,6,5,4,7,8,9,10,10,9,11,12,13,14,12,14,15,16,17,18,16,18,19,20,21,22,21,23,22,24,25,26,25,27,26,28,29,30,29,31,30,32,33,34,33,35,34,36,37,38,36,38,39,40,41,42,40,42,43,44,45,46,44,46,47,48,49,50,48,50,51,52,53,54,52,54,55,56,57,58,56,58,59,60,61,62,62,61,63,64,65,66,66,65,67,68,69,70,70,69,71,72,73,74,73,72,75,76,77,78,77,76,79,80,81,82,81,80,83,84,85,86,84,86,87,88,89,90,88,90,91,92,93,94,92,94,95,93,88,91,93,91,94,94,91,96,94,96,97,95,94,97,95,97,98,89,44,47,89,47,90,90,47,22,90,22,99,91,90,99,91,99,96,85,16,19,85,19,86,86,19,44,86,44,89,87,86,89,87,89,88,83,78,81,78,83,76,81,36,17,36,81,78,82,17,16,17,82,81,79,100,77,100,79,101,77,12,37,12,77,100,78,37,36,37,78,77,75,102,73,102,75,103,73,101,79,101,73,102,74,79,76,79,74,73,70,71,64,64,71,65,104,70,105,105,70,64,106,68,104,104,68,70,66,67,107,107,67,108,109,66,110,110,66,107,105,64,109,109,64,66,62,63,111,111,63,112,67,62,108,108,62,111,65,60,67,67,60,62,57,52,55,57,55,58,58,55,113,58,113,114,59,58,114,59,114,115,53,116,117,53,117,54,54,117,118,54,118,119,55,54,119,55,119,113,49,120,121,49,121,50,50,121,116,50,116,53,51,50,53,51,53,52,45,40,43,45,43,46,46,43,26,46,26,20,47,46,20,47,20,22,41,56,59,41,59,42,42,59,115,42,115,24,43,42,24,43,24,26,37,12,15,37,15,38,38,15,56,38,56,41,39,38,41,39,41,40,30,31,32,31,33,32,31,61,33,61,11,33,33,11,35,11,9,35,122,123,28,123,29,28,123,112,29,112,63,29,29,63,31,63,61,31,115,124,24,124,25,24,124,122,25,122,28,25,25,28,27,28,30,27,26,27,20,27,21,20,27,30,21,30,32,21,21,32,23,32,34,23,17,36,39,17,39,18,18,39,40,18,40,45,19,18,45,19,45,44,13,48,51,13,51,14,14,51,52,14,52,57,15,14,57,15,57,56,10,11,60,60,11,61,71,10,65,65,10,60,69,8,71,71,8,10,7,74,5,74,7,72,5,76,83,76,5,74,6,83,80,83,6,5,1,84,87,1,87,2,2,87,88,2,88,93,3,2,93,3,93,92],"type":"triangles","base":0,"count":576}],"meshInstances":[{"node":1,"mesh":0}]}}