{"model":{"version":3,"nodes":[{"name":"RootNode","position":[0,0,0],"rotation":[0,0,0],"scale":[0.01,0.01,0.01],"scaleCompensation":false},{"name":"Model","position":[0,0,0],"rotation":[0,0,0],"scale":[1,1,1],"scaleCompensation":false},{"name":"Mesh1","position":[0,0,0],"rotation":[0,0,0],"scale":[1,1,1],"scaleCompensation":false}],"parents":[-1,0,1],"skins":[],"morphs":[],"vertices":[{"position":{"type":"float32","components":3,"data":[-0.25,0.02,0.15,0.25,0,0.15,0.25,0.02,0.15,-0.25,0,0.15,-0.25,0.01,-0.009375,-0.25,0,-0.15,-0.25,0,-0.009375,-0.25,0.02,-0.15,-0.25,0.02,-0.009375,-0.25,0.02,-0.15,0.25,0.05,-0.15,0.25,0.02,-0.15,-0.25,0.05,-0.15,0.25,0.01,-0.009375,0.25,0.02,-0.15,0.25,0.02,-0.009375,0.25,0,-0.15,0.25,0,-0.009375,0.25,0,0.15,0.25,0.01,0.009375,0.25,0.02,0.15,0.25,0,0.009375,0.25,0.02,0.009375,-0.25,0,-0.15,0.25,0,-0.15,-0.25,0,-0.009375,0.25,0,-0.009375,0.25,0,0.15,-0.25,0,0.15,-0.25,0,0.009375,0.25,0,0.009375,-0.25,0.01,-0.009375,0.25,0.01,-0.009375,-0.25,0.01,0.009375,0.25,0.01,0.009375,0.25,0.01,-0.009375,-0.25,0.01,-0.009375,-0.25,0,-0.009375,0.25,0,-0.009375,0.25,0,0.009375,-0.25,0,0.009375,-0.25,0.01,0.009375,0.25,0.01,0.009375,-0.25,0.02,0.15,-0.25,0.01,0.009375,-0.25,0,0.15,-0.25,0.02,0.009375,-0.25,0,0.009375,-0.25,0.02,-0.15,0.25,0.02,-0.15,-0.25,0,-0.15,0.25,0,-0.15,0.25,0.01,0.009375,0.25,0.02,-0.009375,0.25,0.02,0.009375,0.25,0.05,-0.15,0.25,0.05,0.15,0.25,0.02,-0.15,0.25,0.02,0.15,0.25,0.01,-0.009375,-0.25,0.02,0.15,0.25,0.02,0.15,-0.25,0.05,0.15,0.25,0.05,0.15,-0.25,0.02,0.009375,-0.25,0.01,-0.009375,-0.25,0.01,0.009375,-0.25,0.02,-0.009375,-0.25,0.05,0.15,-0.25,0.02,0.15,-0.25,0.05,-0.15,-0.25,0.02,-0.15]},"normal":{"type":"float32","components":3,"data":[-2.25597e-17,5.63993e-16,1,-2.25597e-17,5.63993e-16,1,-2.25597e-17,5.63993e-16,1,-2.25597e-17,5.63993e-16,1,-1,0,0,-1,0,0,-1,0,0,-1,0,0,-1,0,0,0,0,-1,0,0,-1,0,0,-1,0,0,-1,1,0,0,1,0,0,1,0,0,1,0,0,1,0,0,1,0,0,1,0,0,1,0,0,1,0,0,1,0,0,0,-1,0,0,-1,0,0,-1,0,0,-1,0,0,-1,0,0,-1,0,0,-1,0,0,-1,0,0,-1,0,0,-1,0,0,-1,0,0,-1,0,0,0,1,0,0,1,0,0,1,0,0,1,0,0,-1,0,0,-1,0,0,-1,0,0,-1,-1,0,0,-1,0,0,-1,0,0,-1,0,0,-1,0,0,0,0,-1,0,0,-1,0,0,-1,0,0,-1,1,0,0,1,0,0,1,0,0,1,0,0,1,0,0,1,0,0,1,0,0,1,0,0,-2.25597e-17,-3.75996e-16,1,-2.25597e-17,-3.75996e-16,1,-2.25597e-17,-3.75996e-16,1,-2.25597e-17,-3.75996e-16,1,-1,0,0,-1,0,0,-1,0,0,-1,0,0,-1,0,0,-1,0,0,-1,0,0,-1,0,0]},"texCoord0":{"type":"float32","components":2,"data":[-1,0.16,0,0,3.577e-09,0.16,-1,0,-0.0486221,0.52272,-0.968519,0.154464,-0.0486221,0.154464,-0.968519,0.890975,-0.0486221,0.890975,9.84252,0.787402,-9.84252,1.9685,-9.84252,0.787402,9.84252,1.9685,0.0298201,0.553617,0.902132,0.955359,0.0298201,0.955359,0.902132,0.151874,0.02982,0.151874,-0.955707,0.133595,-0.0651556,0.543738,-0.955707,0.95388,-0.0651556,0.133595,-0.0651556,0.95388,-1.11022e-16,5,-1,5,0,4,-1,4,-1,-2,1.11022e-16,-2,1.67639e-09,-1,-1,-1,9.84252,0.369094,-9.84252,0.369094,9.84252,-0.369094,-9.84252,-0.369094,-1,0.08,-2,0.08,-2,0,-1,0,2,0,3,0,3,0.0799999,2,0.08,0.949547,0.863033,0.0592839,0.501921,0.949547,0.140809,0.0592839,0.863033,0.0592839,0.140809,3,0.16,2,0.16,3,0,2,0,-0.369094,0.393701,0.369094,0.787402,-0.369094,0.787402,5.90551,1.9685,-5.90551,1.9685,5.90551,0.787402,-5.90551,0.787402,0.369094,0.393701,-9.84252,0.787402,9.84252,0.787402,-9.84252,1.9685,9.84252,1.9685,0.369094,0.787402,-0.369094,0.393701,0.369094,0.393701,-0.369094,0.787402,5.90551,1.9685,5.90551,0.787402,-5.90551,1.9685,-5.90551,0.787402]}}],"meshes":[{"aabb":{"min":[-0.25,0,-0.15],"max":[0.25,0.05,0.15]},"vertices":0,"indices":[0,1,2,1,0,3,23,24,25,26,25,24,27,28,29,27,29,30,35,36,37,35,37,38,39,40,41,39,41,42,48,49,50,51,50,49],"type":"triangles","base":0,"count":36},{"aabb":{"min":[-0.25,0,-0.15],"max":[0.25,0.05,0.15]},"vertices":0,"indices":[4,5,6,5,4,7,8,7,4,13,14,15,16,13,17,13,16,14,18,19,20,19,18,21,20,19,22,43,44,45,44,43,46,45,44,47],"type":"triangles","base":0,"count":36},{"aabb":{"min":[-0.25,0,-0.15],"max":[0.25,0.05,0.15]},"vertices":0,"indices":[9,10,11,10,9,12,31,32,33,34,33,32,52,53,54,54,55,56,53,57,55,56,58,54,53,52,59,55,54,53,60,61,62,63,62,61,64,65,66,65,64,67,68,64,69,67,68,70,71,67,70,68,67,64],"type":"triangles","base":0,"count":54}],"meshInstances":[{"node":2,"mesh":0},{"node":2,"mesh":1},{"node":2,"mesh":2}]}}