{"model":{"version":3,"nodes":[{"name":"RootNode","position":[0,0,0],"rotation":[0,0,0],"scale":[0.01,0.01,0.01],"scaleCompensation":false},{"name":"Model","position":[0,0,0],"rotation":[0,0,0],"scale":[1,1,1],"scaleCompensation":false},{"name":"Mesh1","position":[0,0,0],"rotation":[0,0,0],"scale":[1,1,1],"scaleCompensation":false}],"parents":[-1,0,1],"skins":[],"morphs":[],"vertices":[{"position":{"type":"float32","components":3,"data":[1,0,-1.8,1,1.5,-1.8,1,1.5,-2,1,0,-2,-1,1.5,-1.8,-1,0,-1.8,-1,0,-2,-1,1.5,-2,1,1.5,-1.8,-1,1.5,-1.8,-1,1.5,-2,1,1.5,-2,-1.8,0,1.8,1.8,2,1.8,1.8,0,1.8,-1.8,2,1.8,1.8,0,1.8,-1.8,0,1,-1.8,0,1.8,-1.8,0,-1,1.8,-3.20593e-31,-1,-1,0,-1.8,-2,0,-1,-2,0,1,-1.8,0,-1.8,1.8,-3.20593e-31,1,2,-3.20593e-31,-1,2,-3.20593e-31,1,1.8,0,-1.8,1,0,-1.8,1,0,-2,-1,0,-2,1.8,2,-1.8,-1,1.5,-1.8,1,1.5,-1.8,1.8,0,-1.8,-1.8,0,-1.8,-1.8,2,-1.8,1,0,-1.8,-1,0,-1.8,-1.8,2,1.8,-1.8,2,-1.8,1.8,2,1.8,1.8,2,-1.8,-1.8,0,-1,-1.8,1.5,-1,-2,1.5,-1,-2,0,-1,-1.8,1.5,1,-1.8,0,1,-2,0,1,-2,1.5,1,-1.8,2,-1.8,-1.8,2,1.8,-1.8,1.5,1,-1.8,1.5,-1,-1.8,0,-1.8,-1.8,0,1.8,-1.8,0,-1,-1.8,0,1,-1.8,1.5,1,-2,1.5,-1,-1.8,1.5,-1,-2,1.5,1,1.8,1.5,-1,1.8,0,-1.8,1.8,-3.20593e-31,-1,1.8,2,-1.8,1.8,1.5,1,1.8,0,1.8,1.8,2,1.8,1.8,-3.20593e-31,1,1.8,1.5,-1,2,-3.20593e-31,-1,2,1.5,-1,1.8,-3.20593e-31,-1,1.8,-3.20593e-31,1,2,1.5,1,2,-3.20593e-31,1,1.8,1.5,1,1.8,1.5,1,2,1.5,-1,2,1.5,1,1.8,1.5,-1]},"normal":{"type":"float32","components":3,"data":[-1,0,0,-1,0,0,-1,0,0,-1,0,0,1,0,0,1,0,0,1,0,0,1,0,0,0,-1,0,0,-1,0,0,-1,0,0,-1,0,0,0,-1,0,0,-1,0,0,-1,0,0,-1,5.30598e-32,1,1.91369e-32,5.30598e-32,1,1.91369e-32,5.30598e-32,1,1.91369e-32,5.30598e-32,1,1.91369e-32,5.30598e-32,1,1.91369e-32,5.30598e-32,1,1.91369e-32,5.30598e-32,1,1.91369e-32,5.30598e-32,1,1.91369e-32,5.30598e-32,1,1.91369e-32,5.30598e-32,1,1.91369e-32,5.30598e-32,1,1.91369e-32,5.30598e-32,1,1.91369e-32,5.30598e-32,1,1.91369e-32,5.30598e-32,1,1.91369e-32,5.30598e-32,1,1.91369e-32,5.30598e-32,1,1.91369e-32,0,0,1,0,0,1,0,0,1,0,0,1,0,0,1,0,0,1,0,0,1,0,0,1,0,-1,0,0,-1,0,0,-1,0,0,-1,0,2.52669e-14,0,1,2.52669e-14,0,1,2.52669e-14,0,1,2.52669e-14,0,1,-1.44382e-14,0,-1,-1.44382e-14,0,-1,-1.44382e-14,0,-1,-1.44382e-14,0,-1,1,2.26482e-16,3.40524e-16,1,2.26482e-16,3.40524e-16,1,2.26482e-16,3.40524e-16,1,2.26482e-16,3.40524e-16,1,2.26482e-16,3.40524e-16,1,2.26482e-16,3.40524e-16,1,2.26482e-16,3.40524e-16,1,2.26482e-16,3.40524e-16,0,-1,0,0,-1,0,0,-1,0,0,-1,0,-1,8.49308e-17,5.10786e-16,-1,8.49308e-17,5.10786e-16,-1,8.49308e-17,5.10786e-16,-1,8.49308e-17,5.10786e-16,-1,8.49308e-17,5.10786e-16,-1,8.49308e-17,5.10786e-16,-1,8.49308e-17,5.10786e-16,-1,8.49308e-17,5.10786e-16,-1.44382e-14,0,1,-1.44382e-14,0,1,-1.44382e-14,0,1,-1.44382e-14,0,1,-7.21911e-15,0,-1,-7.21911e-15,0,-1,-7.21911e-15,0,-1,-7.21911e-15,0,-1,0,-1,0,0,-1,0,0,-1,0,0,-1,0]},"texCoord0":{"type":"float32","components":2,"data":[-4.5,0,-4.5,3.75,-5,3.75,-5,0,4.5,3.75,4.5,0,5,0,5,3.75,-1.94175,3.49515,1.94175,3.49515,1.94175,3.8835,-1.94175,3.8835,4.5,0,-4.5,5,-4.5,0,4.5,5,0.25,-2.25,-8.75,-0.25,-8.75,-2.25,-8.75,4.75,0.25,4.75,-6.75,6.75,-9.25,4.75,-9.25,-0.25,-8.75,6.75,0.25,-0.25,0.75,4.75,0.75,-0.25,0.25,6.75,-1.75,6.75,-1.75,7.25,-6.75,7.25,4.5,5,-2.5,3.75,2.5,3.75,4.5,0,-4.5,0,-4.5,5,2.5,0,-2.5,0,5.00971,-2.97087,5.00971,4.01942,-1.98058,-2.97087,-1.98058,4.01942,-4.5,0,-4.5,3.75,-5,3.75,-5,0,4.5,3.75,4.5,0,5,0,5,3.75,4.5,5,-4.5,5,-2.5,3.75,2.5,3.75,4.5,1.01917e-15,-4.5,1.01917e-15,2.5,1.01917e-15,-2.5,1.01917e-15,1.94175,3.49515,-1.94175,3.8835,-1.94175,3.49515,1.94175,3.8835,-2.5,3.75,-4.5,3.82188e-16,-2.5,3.82188e-16,-4.5,5,2.5,3.75,4.5,3.82188e-16,4.5,5,2.5,3.82188e-16,4.5,3.75,5,0,5,3.75,4.5,0,-4.5,0,-5,3.75,-5,0,-4.5,3.75,-1.94175,3.49515,1.94175,3.8835,-1.94175,3.8835,1.94175,3.49515]}}],"meshes":[{"aabb":{"min":[-2,-3.20593e-31,-2],"max":[2,2,1.8]},"vertices":0,"indices":[0,1,2,0,2,3,4,5,6,4,6,7,12,13,14,13,12,15,32,33,34,34,35,32,36,33,37,32,37,33,35,34,38,33,36,39,44,45,46,46,47,44,48,49,50,50,51,48,52,53,54,55,56,52,57,54,53,56,55,58,52,54,55,54,57,59,64,65,66,65,64,67,68,69,70,70,67,64,70,64,68,69,68,71,72,73,74,73,72,75,76,77,78,77,76,79],"type":"triangles","base":0,"count":96},{"aabb":{"min":[-2,-3.20593e-31,-2],"max":[2,2,1.8]},"vertices":0,"indices":[8,9,10,8,10,11,40,41,42,42,41,43,60,61,62,61,60,63,80,81,82,81,80,83],"type":"triangles","base":0,"count":24},{"aabb":{"min":[-2,-3.20593e-31,-2],"max":[2,2,1.8]},"vertices":0,"indices":[16,17,18,19,20,21,17,22,23,19,21,24,19,17,20,22,17,19,17,16,25,25,26,20,26,25,27,20,17,25,20,28,29,21,20,29,21,29,30,21,30,31],"type":"triangles","base":0,"count":42}],"meshInstances":[{"node":2,"mesh":0},{"node":2,"mesh":1},{"node":2,"mesh":2}]}}