{"model":{"version":3,"nodes":[{"name":"RootNode","position":[0,0,0],"rotation":[0,0,0],"scale":[0.01,0.01,0.01],"scaleCompensation":false},{"name":"Model","position":[0,0,0],"rotation":[0,0,0],"scale":[1,1,1],"scaleCompensation":false},{"name":"Mesh1","position":[0,0,0],"rotation":[0,0,0],"scale":[1,1,1],"scaleCompensation":false}],"parents":[-1,0,1],"skins":[],"morphs":[],"vertices":[{"position":{"type":"float32","components":3,"data":[0.0785833,0.09,-0.0906899,0,0.09,-0.15,0.0170778,0.09,-0.118779,0.115139,0.09,0.0338079,0.2,0.09,-0.15,0.115139,0.09,-0.0338079,0,0.09,-0.116323,0.2,0.09,0.15,0.0785833,0.09,0.0906899,0,0.09,0.15,0.0170778,0.09,0.118779,1.40998e-18,0.09,0.116323,0,0.09,0.15,0.2,0,0.15,0.2,0.09,0.15,-0.2,0,0.15,-0.2,0.09,0.15,0.2,0.09,-0.15,0.2,0.09,0.15,0.2,0,0.15,0.2,0,-0.15,-0.2,0,-0.15,-0.179976,0.0200236,-0.15,0.2,0,-0.15,-0.2,0.09,-0.15,-0.179976,0.0699764,-0.15,0,0.0699764,-0.15,0,0.0200236,-0.15,0.2,0.09,-0.15,0,0.09,-0.15,-0.2,0.09,0.15,-0.2,0,-0.15,-0.2,0,0.15,-0.2,0.09,-0.15,-0.0498498,0.09,-0.109156,-0.0498498,0.09,0.109156,-0.2,0.09,-0.15,-0.2,0.09,0.15,-0.12,0.09,0,-0.10095,0.09,0.0648769,-0.10095,0.09,-0.0648769,-0.0498498,0.09,-0.109156,-0.10095,0.09,-0.0648769,-0.035624,0.1,-0.0764091,-0.0713944,0.1,-0.0454138,0.0785833,0.09,0.0906899,0.115139,0.09,0.0338079,0.0798683,0.1,0.0236655,0.0542792,0.1,0.063483,0.0798683,0.1,0.0236655,0.115139,0.09,0.0338079,0.0798683,0.1,-0.0236655,0.115139,0.09,-0.0338079,0.0542792,0.1,-0.063483,0.0170778,0.09,-0.118779,0.0112253,0.1,-0.083145,0.0785833,0.09,-0.0906899,1.40998e-18,0.09,0.116323,0.0112253,0.1,0.083145,-0.000729126,0.1,0.0814262,0.0170778,0.09,0.118779,-0.0713944,0.1,0.0454138,-0.0847291,0.1,0,-0.12,0.09,0,-0.10095,0.09,0.0648769,-0.10095,0.09,0.0648769,-0.035624,0.1,0.0764091,-0.0713944,0.1,0.0454138,-0.0498498,0.09,0.109156,0,0.09,-0.116323,-0.035624,0.1,-0.0764091,-0.000729126,0.1,-0.0814262,-0.0498498,0.09,-0.109156,0.0542792,0.1,0.063483,0.0170778,0.09,0.118779,0.0785833,0.09,0.0906899,0.0112253,0.1,0.083145,0.0112253,0.1,-0.083145,0.0170778,0.09,-0.118779,0.0785833,0.09,-0.0906899,0.0798683,0.1,-0.0236655,0.115139,0.09,-0.0338079,0.0542792,0.1,-0.063483,-0.0498498,0.09,0.109156,-0.035624,0.1,0.0764091,-0.12,0.09,0,-0.0713944,0.1,-0.0454138,-0.10095,0.09,-0.0648769,-0.0847291,0.1,0,-0.0713944,0.1,0.0454138,-0.095428,0.11,0,-0.0847291,0.1,0,-0.0803597,0.11,0.0513176,0.0616514,0.11,-0.0717357,0.0905671,0.11,-0.0267421,0.0798683,0.1,-0.0236655,0.0542792,0.1,-0.063483,0.0798683,0.1,0.0236655,0.0616514,0.11,0.0717357,0.0542792,0.1,0.063483,0.0905671,0.11,0.0267421,0.0130006,0.11,-0.0939538,0.0542792,0.1,-0.063483,0.0112253,0.1,-0.083145,0.0616514,0.11,-0.0717357,0.0616514,0.11,0.0717357,0.0130006,0.11,0.0939538,0.0542792,0.1,0.063483,0.0112253,0.1,0.083145,-0.000507958,0.11,0.0920116,0.0112253,0.1,0.083145,0.0130006,0.11,0.0939538,-0.000729126,0.1,0.0814262,0.0905671,0.11,0.0267421,0.0798683,0.1,-0.0236655,0.0905671,0.11,-0.0267421,0.0798683,0.1,0.0236655,-0.0399392,0.11,-0.0863423,-0.000507958,0.11,-0.0920116,-0.035624,0.1,-0.0764091,-0.000729126,0.1,-0.0814262,0.0112253,0.1,-0.083145,0.0130006,0.11,-0.0939538,-0.0803597,0.11,-0.0513176,-0.035624,0.1,-0.0764091,-0.0713944,0.1,-0.0454138,-0.0399392,0.11,-0.0863423,-0.035624,0.1,0.0764091,-0.0399392,0.11,0.0863423,-0.0399392,0.11,0.0863423,-0.0803597,0.11,0.0513176,-0.035624,0.1,0.0764091,-0.0713944,0.1,0.0454138,-0.0713944,0.1,-0.0454138,-0.0847291,0.1,0,-0.095428,0.11,0,-0.0803597,0.11,-0.0513176,-0.000507958,0.11,-0.0920116,0.0616514,0.11,-0.0717357,0.0130006,0.11,-0.0939538,-0.095428,0.11,0,-0.000507958,0.11,0.0920116,0.0905671,0.11,-0.0267421,-0.0803597,0.11,0.0513176,-0.0399392,0.11,0.0863423,0.0905671,0.11,0.0267421,0.0616514,0.11,0.0717357,0.0130006,0.11,0.0939538,-0.0803597,0.11,-0.0513176,-0.0399392,0.11,-0.0863423,-0.150112,0.11,-0.15,-0.118893,0.141219,-0.15,0.149096,0.11,-0.15,-0.150112,0.35,-0.15,-0.118893,0.318781,-0.15,0.117877,0.318781,-0.15,0.117877,0.141219,-0.15,0.149096,0.35,-0.15,0.116183,0.3236,0.15,-0.117199,0.3236,0.15,-0.117199,0.1364,0.15,0.116183,0.1364,0.15,-0.0803597,0.11,0.0513176,-0.150112,0.11,-0.15,-0.095428,0.11,0,0.149096,0.11,-0.15,0.0130006,0.11,-0.0939538,-0.000507958,0.11,-0.0920116,0.0616514,0.11,-0.0717357,0.0905671,0.11,0.0267421,0.0905671,0.11,-0.0267421,-0.0399392,0.11,-0.0863423,-0.0803597,0.11,-0.0513176,0.116183,0.1364,0.15,-0.117199,0.1364,0.15,-0.0399392,0.11,0.0863423,-0.0803597,0.11,0.0513176,-0.0399392,0.11,0.0863423,-0.117199,0.1364,0.15,-0.150112,0.11,-0.15,-0.0803597,0.11,0.0513176,-0.117199,0.1364,0.15,-0.000507958,0.11,0.0920116,0.116183,0.1364,0.15,-0.0399392,0.11,0.0863423,0.0130006,0.11,0.0939538,0.0616514,0.11,0.0717357,0.116183,0.1364,0.15,0.0130006,0.11,0.0939538,0.0905671,0.11,0.0267421,0.116183,0.1364,0.15,0.0616514,0.11,0.0717357,0.149096,0.11,-0.15,0.116183,0.1364,0.15,0.0905671,0.11,0.0267421,0.116183,0.3236,0.15,0.116183,0.1364,0.15,0.149096,0.35,-0.15,0.149096,0.11,-0.15,-0.117199,0.1364,0.15,-0.150112,0.35,-0.15,-0.150112,0.11,-0.15,-0.117199,0.3236,0.15,0.116183,0.3236,0.15,-0.150112,0.35,-0.15,-0.117199,0.3236,0.15,0.149096,0.35,-0.15,0.117877,0.141219,-0.13,-0.118893,0.141219,-0.13,-0.118893,0.318781,-0.13,0.117877,0.318781,-0.13,0.117877,0.318781,-0.13,-0.118893,0.318781,-0.13,-0.118893,0.318781,-0.15,0.117877,0.318781,-0.15,0.117877,0.141219,-0.13,0.117877,0.318781,-0.13,0.117877,0.318781,-0.15,0.117877,0.141219,-0.15,-0.118893,0.141219,-0.13,0.117877,0.141219,-0.13,0.117877,0.141219,-0.15,-0.118893,0.141219,-0.15,-0.118893,0.318781,-0.13,-0.118893,0.141219,-0.13,-0.118893,0.141219,-0.15,-0.118893,0.318781,-0.15,0,0.0200236,-0.14,-0.179976,0.0200236,-0.14,-0.179976,0.0699764,-0.14,0,0.0699764,-0.14,0,0.0699764,-0.14,-0.179976,0.0699764,-0.14,-0.179976,0.0699764,-0.15,0,0.0699764,-0.15,0,0.0200236,-0.14,0,0.0699764,-0.14,0,0.0699764,-0.15,0,0.0200236,-0.15,-0.179976,0.0200236,-0.14,0,0.0200236,-0.14,0,0.0200236,-0.15,-0.179976,0.0200236,-0.15,-0.179976,0.0699764,-0.14,-0.179976,0.0200236,-0.14,-0.179976,0.0200236,-0.15,-0.179976,0.0699764,-0.15,-0.2,0,-0.38,0.2,0,-0.38,-0.2,0,-0.192531,0.2,0,-0.192531,0.2,0.03,-0.192531,-0.2,0.01,-0.38,-0.2,0.03,-0.192531,0.2,0.01,-0.38,-0.2,0,-0.192531,-0.2,0.01,-0.38,-0.2,0,-0.38,-0.2,0.03,-0.192531,0.2,0.03,-0.192531,-0.2,0.03,-0.192531,-0.2,0,-0.192531,0.2,0,-0.192531,0.2,0.01,-0.38,0.2,0.03,-0.192531,0.2,0,-0.192531,0.2,0,-0.38,0.2,0,-0.38,-0.2,0,-0.38,-0.2,0.01,-0.38,0.2,0.01,-0.38]},"normal":{"type":"float32","components":3,