{"model":{"version":3,"nodes":[{"name":"RootNode","position":[0,0,0],"rotation":[0,0,0],"scale":[0.01,0.01,0.01],"scaleCompensation":false},{"name":"Model","position":[0,0,0],"rotation":[0,0,0],"scale":[1,1,1],"scaleCompensation":false},{"name":"Mesh1","position":[0,0,0],"rotation":[0,0,0],"scale":[1,1,1],"scaleCompensation":false}],"parents":[-1,0,1],"skins":[],"morphs":[],"vertices":[{"position":{"type":"float32","components":3,"data":[-0.9802,0,0.1,-0.9802,0.01,0.1,-0.9802,0,0.15,-0.9802,0.01,-0.1,-0.9802,1.485,-0.2,-0.9802,1.485,-0.1,-0.9802,0,-0.2,-0.9802,0,-0.15,-0.9802,0,0.2,-0.9802,1.485,0.2,-1.0002,1.46,0.2,-1.0002,1.505,0.2,0.9998,1.505,0.2,-0.88219,1.485,0.2,0.98,1.485,0.2,0.98,0,0.2,0.9998,0,0.2,-1.0002,0,0.2,0.9998,-4.00741e-32,-0.2,0.98,1.485,-0.2,0.9998,1.505,-0.2,-1.0002,1.46,-0.2,-0.9802,0,-0.2,-1.0002,-4.00741e-32,-0.2,-1.0002,1.505,-0.2,-0.9802,1.485,-0.2,-0.88219,1.485,-0.2,0.98,0,-0.2,0.98,0,-0.1,0.98,0.01,-0.1,0.98,0,-0.11,0.98,0,-0.15,0.98,1.485,-0.1,-0.9802,1.485,-0.1,-0.88219,1.485,-0.2,0.98,1.485,-0.2,-0.9802,1.485,-0.2,0.99,1.495,0.1,-0.9902,1.495,0.1,-0.9902,1.495,-0.1,0.99,1.495,-0.1,-0.9902,0.01,-0.1,-0.9902,1.495,0.1,-0.9902,0.01,0.1,-0.9902,1.495,-0.1,0.98,0,-0.1,-0.9802,0,0.1,0.98,0,0.1,-0.9902,0,-0.1,-0.9902,0,0.1,-0.9802,0,-0.1,-0.9902,1.495,-0.1,-0.9902,0.01,-0.1,-0.9802,1.485,-0.1,0.98,1.485,-0.1,0.98,0.01,-0.1,0.99,0.01,-0.1,0.99,1.495,-0.1,-0.9802,0.01,-0.1,0.99,0.01,0.1,0.99,1.495,0.1,0.99,1.495,-0.1,0.99,0.01,-0.1,0.98,0,0.1,0.98,0,0.15,0.98,0.01,0.1,-0.88219,1.485,0.2,0.98,1.485,0.1,0.98,1.485,0.2,-0.9802,1.485,0.1,-0.9802,1.485,0.2,0.98,1.485,0.1,0.99,0.01,0.1,0.98,0.01,0.1,-0.9902,0.01,0.1,-0.9902,1.495,0.1,-0.9802,1.485,0.1,-0.9802,0.01,0.1,0.99,1.495,0.1,-0.9802,0.01,0.1,0.98,0.01,0.1,0.98,0.01,-0.1,-0.9902,0.01,-0.1,-0.9902,0.01,0.1,0.99,0.01,-0.1,-0.9802,0.01,-0.1,0.99,0.01,0.1,-0.9902,0,-0.1,-0.9802,0,-0.1,-0.9902,0,0.1,-0.9902,0,-0.1,-0.9902,0,0.1,-0.9802,0,0.1,-0.9802,0.01,-0.1,0.98,0.01,-0.1,-0.9802,0,-0.1,0.98,0,-0.1,-0.9802,0,0.1,0.98,0,0.1,-0.9802,0.01,0.1,0.98,0.01,0.1,-0.9802,1.485,0.2,-0.9802,0,0.2,-0.9802,1.485,0.1,0.98,1.485,0.2,0.98,0,0.2,0.98,1.485,0.1,0.98,0,0.1,-0.9802,0,0.15,0.98,0,0.15,-0.9802,0,0.1,0.98,0.01,0.1,-0.9802,0,0.15,0.98,0,0.15,-0.9802,0.01,0.1,0.98,0,-0.11,-0.9802,0,-0.15,-0.9802,0,-0.1,0.98,0,-0.15,0.98,0,-0.1,0.98,0.01,-0.1,0.98,1.485,-0.2,0.98,0,-0.2,0.98,1.485,-0.1,0.98,0,-0.15,-0.9802,0,-0.1,0.98,0.01,-0.1,-0.9802,0,-0.15,-0.9802,0.01,-0.1,0.98,0,-0.15]},"normal":{"type":"float32","components":3,"data":[1,0,0,1,0,0,1,0,0,1,0,0,1,0,0,1,0,0,1,0,0,1,0,0,0,0,1,0,0,1,0,0,1,0,0,1,0,0,1,0,0,1,0,0,1,0,0,1,0,0,1,0,0,1,0,0,-1,0,0,-1,0,0,-1,0,0,-1,0,0,-1,0,0,-1,0,0,-1,0,0,-1,0,0,-1,0,0,-1,-1,1.71884e-15,-3.86738e-15,-1,1.71884e-15,-3.86738e-15,-1,1.71884e-15,-3.86738e-15,-1,1.71884e-15,-3.86738e-15,0,-1,0,0,-1,0,0,-1,0,0,-1,0,0,-1,0,0,-1,0,0,-1,0,0,-1,0,0,-1,0,1,0,0,1,0,0,1,0,0,1,0,0,0,1,0,0,1,0,0,1,0,0,1,0,0,1,0,0,1,0,0,0,1,0,0,1,0,0,1,0,0,1,0,0,1,0,0,1,0,0,1,0,0,1,-1,0,0,-1,0,0,-1,0,0,-1,0,0,-1,0,0,-1,0,0,-1,0,0,0,-1,0,0,-1,0,0,-1,0,0,-1,0,0,-1,0,0,0,-1,0,0,-1,0,0,-1,0,0,-1,0,0,-1,0,0,-1,0,0,-1,0,0,-1,0,1,0,0,1,0,0,1,0,0,1,0,0,1,0,0,1,0,0,1,0,0,1,0,0,0,1,0,0,1,1,0,0,1,0,0,0,0,-1,0,0,-1,0,0,-1,0,0,-1,0,0,-1,0,0,-1,0,0,1,0,0,1,0,0,1,0,0,1,1,0,0,1,0,0,1,0,0,-1,0,0,-1,0,0,-1,0,0,0,1,0,0,1,0,0,1,0,0,1,0,0,0.980581,0.196116,0,0.980581,0.196116,0,0.980581,0.196116,0,0.980581,0.196116,0,1,0,0,1,0,0,1,0,0,1,0,0,1,0,-1,-4.08302e-17,2.04151e-18,-1,-4.08302e-17,2.04151e-18,-1,-4.08302e-17,2.04151e-18,-1,-4.08302e-17,2.04151e-18,-1,-4.08302e-17,2.04151e-18,1,0,0,5.84939e-20,0.980581,-0.196116,5.84939e-20,0.980581,-0.196116,5.84939e-20,0.980581,-0.196116,5.84939e-20,0.980581,-0.196116]},"texCoord0":{"type":"float32","components":2,"data":[-3.93701,0,-3.93701,0.393701,-5.90551,0,3.93701,0.393701,7.87402,58.4646,3.93701,58.4646,7.87402,0,5.90551,0,-38.5905,0,-38.5905,58.4646,-39.378,57.4803,-39.378,59.252,39.3622,59.252,-34.7319,58.4646,38.5827,58.4646,38.5827,0,39.3622,0,-39.378,0,-39.3622,-1.57772e-30,-38.5827,58.4646,-39.3622,59.252,39.378,57.4803,38.5905,0,39.378,-1.57772e-30,39.378,59.252,38.5905,58.4646,34.7319,58.4646,-38.5827,0,-3.93701,6.63173e-14,-3.93701,0.393701,-4.33071,6.63173e-14,-5.90551,6.63173e-14,-38.5827,3.93701,38.5905,3.93701,34.7319,7.87402,-38.5827,7.87402,38.5905,7.87402,-2.475,-0.25,2.4755,-0.25,2.4755,0.25,-2.475,0.25,0.25,0.025,-0.25,3.7375,-0.25,0.025,0.25,3.7375,2.45,0.25,-2.4505,-0.25,2.45,-0.25,-2.4755,0.25,-2.4755,-0.25,-2.4505,0.25,-2.4755,3.7375,-2.4755,0.025,-2.4505,3.7125,2.45,3.7125,2.45,0.025,2.475,0.025,2.475,3.7375,-2.4505,0.025,0.25,0.025,0.25,3.7375,-0.25,3.7375,-0.25,0.025,3.93701,0,5.90551,0,3.93701,0.393701,34.7319,-7.87402,-38.5827,-3.93701,-38.5827,-7.87402,38.5905,-3.93701,38.5905,-7.87402,-2.45,3.7125,-2.475,0.025,-2.45,0.025,2.4755,0.025,2.4755,3.7375,2.4505,3.7125,2.4505,0.025,-2.475,3.7375,-2.4505,-0.25,2.45,-0.25,2.45,0.25,-2.4755,0.25,-2.4755,-0.25,2.475,0.25,-2.4505,0.25,2.475,-0.25,-2.4755,0,-2.4505,0,-0.25,0,0.25,0,2.4755,0,2.4505,0,2.4505,0.025,-2.45,0.025,2.4505,0,-2.45,0,-2.4505,0,2.45,0,-2.4505,0.025,2.45,0.025,-7.87402,58.4646,-7.87402,0,-3.93701,58.4646,7.87402,58.4646,7.87402,0,3.93701,58.4646,38.5827,-3.93701,-38.5905,-5.90551,38.5827,-5.90551,-38.5905,-3.93701,2.45,-0.240242,-2.4505,-0.367718,2.45,-0.367718,-2.4505,-0.240242,38.5827,4.33071,-38.5905,5.90551,-38.5905,3.93701,38.5827,5.90551,38.5827,3.93701,-3.93701,0.393701,-7.87402,58.4646,-7.87402,-1.57534e-15,-3.93701,58.4646,-5.90551,-1.57534e-15,3.93701,0,-2.45,-0.240242,2.4505,-0.367718,2.4505,-0.240242,-2.45,-0.367718]}}],"meshes":[{"aabb":{"min":[-1.0002,-4.00741e-32,-0.2],"max":[0.9998,1.505,0.2]},"vertices":0,"indices":[0,1,2,3,4,5,4,3,6,6,3,7,8,9,10,10,9,11,12,11,13,13,11,9,14,15,16,16,12,14,12,13,14,8,10,17,18,19,20,21,22,23,21,24,25,24,26,25,19,18,27,25,22,21,26,24,20,26,20,19,28,29,30,29,31,30,32,33,34,32,34,35,34,33,36,63,64,65,66,67,68,67,66,69,70,69,66,1,101,102,1,102,2,101,1,103,104,65,105,65,104,106,105,65,64,120,121,122,121,120,123,120,122,124,125,7,3],"type":"triangles","base":0,"count":117},{"aabb":{"min":[-1.0002,-4.00741e-32,-0.2],"max":[0.9998,1.505,0.2]},"vertices":0,"indices":[37,38,39,37,39,40,41,42,43,42,41,44,45,46,47,46,48,49,46,45,50,48,46,50,51,52,53,54,51,53,54,55,56,56,57,54,57,51,54,53,52,58,59,60,61,59,61,62,71,72,73,74,75,76,74,76,77,71,76,75,78,72,71,71,75,78,79,80,81,82,83,79,81,80,84,79,81,85,79,85,82,86,84,80,58,52,87,58,87,88,41,43,89,89,90,41,91,74,92,92,74,77,93,94,95,96,95,94,97,98,99,100,99,98,111,112,113,112,111,114,126,127,128,127,126,129],"type":"triangles","base":0,"count":126},{"aabb":{"min":[-1.0002,-4.00741e-32,-0.2],"max":[0.9998,1.505,0.2]},"vertices":0,"indices":[107,108,109,108,107,110,115,116,117,116,115,118,115,117,119],"type":"triangles","base":0,"count":15}],"meshInstances":[{"node":2,"mesh":0},{"node":2,"mesh":1},{"node":2,"mesh":2}]}}