{"model":{"version":3,"nodes":[{"name":"RootNode","position":[0,0,0],"rotation":[0,0,0],"scale":[0.01,0.01,0.01],"scaleCompensation":false},{"name":"Model","position":[0,0,0],"rotation":[0,0,0],"scale":[1,1,1],"scaleCompensation":false},{"name":"Mesh1","position":[0,0,0],"rotation":[0,0,0],"scale":[1,1,1],"scaleCompensation":false}],"parents":[-1,0,1],"skins":[],"morphs":[],"vertices":[{"position":{"type":"float32","components":3,"data":[-2.25597e-16,9.58789e-17,-0.439862,-0.0430578,0,0.170338,4.51195e-17,0,0.5,-0.0515777,0,-0.081479,-0.0201817,0,-0.373052,-0.00993216,0,-0.439862,-0.0457571,0,-0.29135,-0.0457571,0,-0.5,-0.147674,0,0.289944,-0.0412257,0,0.360613,-0.170122,0,0.00314175,-0.175718,0,-0.332455,-0.0769591,0,-0.47877,-0.117185,0,-0.445616,-2.25597e-16,9.58789e-17,-0.439862,-0.0515777,0,-0.081479,-0.0201817,0,-0.373052,-0.117185,0,-0.445616,-0.0457571,0,-0.29135,-0.0430578,0,0.170338,4.51195e-17,0,0.5,-0.0412257,0,0.360613,-0.175718,0,-0.332455,-0.00993216,0,-0.439862,-0.170122,0,0.00314175,-0.147674,0,0.289944,-0.0769591,0,-0.47877,-0.0457571,0,-0.5,-2.25597e-16,9.58789e-17,-0.439862,4.51195e-17,-0.0430578,0.170338,4.51195e-17,0,0.5,-1.35358e-16,-0.0515777,-0.081479,-3.15836e-16,-0.0201817,-0.373052,4.51195e-17,-0.00993216,-0.439862,-3.15836e-16,-0.0457571,-0.29135,-3.15836e-16,-0.0457571,-0.5,-1.35358e-16,-0.147674,0.289944,-4.06075e-16,-0.0412257,0.360613,-2.25597e-16,-0.170122,0.00314175,4.51195e-17,-0.175718,-0.332455,-4.51195e-17,-0.0769591,-0.47877,-3.15836e-16,-0.117185,-0.445616,-2.25597e-16,9.58789e-17,-0.439862,-1.35358e-16,-0.0515777,-0.081479,-3.15836e-16,-0.0201817,-0.373052,-3.15836e-16,-0.117185,-0.445616,-3.15836e-16,-0.0457571,-0.29135,4.51195e-17,-0.0430578,0.170338,4.51195e-17,0,0.5,-4.06075e-16,-0.0412257,0.360613,4.51195e-17,-0.175718,-0.332455,4.51195e-17,-0.00993216,-0.439862,-2.25597e-16,-0.170122,0.00314175,-1.35358e-16,-0.147674,0.289944,-4.51195e-17,-0.0769591,-0.47877,-3.15836e-16,-0.0457571,-0.5,-2.25597e-16,9.58789e-17,-0.439862,-0.0304465,-0.0304465,0.170338,4.51195e-17,0,0.5,-0.0070231,-0.0070231,-0.439862,-0.0142706,-0.0142706,-0.373052,-0.0364709,-0.0364709,-0.081479,-0.0323552,-0.0323552,-0.29135,-0.0323552,-0.0323552,-0.5,-0.104421,-0.104421,0.289944,-0.029151,-0.029151,0.360613,-0.120295,-0.120295,0.00314175,-0.124252,-0.124252,-0.332455,-0.0544183,-0.0544183,-0.47877,-0.082862,-0.082862,-0.445616,-0.0142706,-0.0142706,-0.373052,-0.0364709,-0.0364709,-0.081479,-0.0323552,-0.0323552,-0.29135,-0.082862,-0.082862,-0.445616,-0.0304465,-0.0304465,0.170338,4.51195e-17,0,0.5,-0.029151,-0.029151,0.360613,-0.124252,-0.124252,-0.332455,-2.25597e-16,9.58789e-17,-0.439862,-0.0070231,-0.0070231,-0.439862,-0.104421,-0.104421,0.289944,-0.120295,-0.120295,0.00314175,-0.0544183,-0.0544183,-0.47877,-0.0323552,-0.0323552,-0.5,-2.25597e-16,9.58789e-17,-0.439862,-0.0304465,0.0304465,0.170338,4.51195e-17,0,0.5,-0.0070231,0.0070231,-0.439862,-0.0142706,0.0142706,-0.373052,-0.0364709,0.0364709,-0.081479,-0.0323552,0.0323552,-0.29135,-0.0323552,0.0323552,-0.5,-0.104421,0.104421,0.289944,-0.029151,0.029151,0.360613,-0.120295,0.120295,0.00314175,-0.124252,0.124252,-0.332455,-0.0544183,0.0544183,-0.47877,-0.082862,0.082862,-0.445616,-0.0142706,0.0142706,-0.373052,-0.0364709,0.0364709,-0.081479,-0.0323552,0.0323552,-0.29135,-0.082862,0.082862,-0.445616,-0.0304465,0.0304465,0.170338,4.51195e-17,0,0.5,-0.029151,0.029151,0.360613,-0.124252,0.124252,-0.332455,-2.25597e-16,9.58789e-17,-0.439862,-0.0070231,0.0070231,-0.439862,-0.104421,0.104421,0.289944,-0.120295,0.120295,0.00314175,-0.0544183,0.0544183,-0.47877,-0.0323552,0.0323552,-0.5,0.0304465,0.0304465,0.170338,-2.25597e-16,9.58789e-17,-0.439862,4.51195e-17,0,0.5,0.104421,0.104421,0.289944,0.029151,0.029151,0.360613,0.120295,0.120295,0.00314175,0.082862,0.082862,-0.445616,0.0323552,0.0323552,-0.29135,0.0364709,0.0364709,-0.081479,0.124252,0.124252,-0.332455,0.0142706,0.0142706,-0.373052,0.0070231,0.0070231,-0.439862,0.0544183,0.0544183,-0.47877,0.0323552,0.0323552,-0.5,0.124252,0.124252,-0.332455,0.0304465,0.0304465,0.170338,0.0364709,0.0364709,-0.081479,0.104421,0.104421,0.289944,4.51195e-17,0,0.5,0.029151,0.029151,0.360613,0.0142706,0.0142706,-0.373052,0.0323552,0.0323552,-0.29135,0.0323552,0.0323552,-0.5,0.0070231,0.0070231,-0.439862,0.120295,0.120295,0.00314175,-2.25597e-16,9.58789e-17,-0.439862,0.0544183,0.0544183,-0.47877,0.082862,0.082862,-0.445616,0.0304465,-0.0304465,0.170338,-2.25597e-16,9.58789e-17,-0.439862,4.51195e-17,0,0.5,0.104421,-0.104421,0.289944,0.029151,-0.029151,0.360613,0.120295,-0.120295,0.00314175,0.082862,-0.082862,-0.445616,0.0323552,-0.0323552,-0.29135,0.0364709,-0.0364709,-0.081479,0.124252,-0.124252,-0.332455,0.0142706,-0.0142706,-0.373052,0.0070231,-0.0070231,-0.439862,0.0544183,-0.0544183,-0.47877,0.0323552,-0.0323552,-0.5,0.124252,-0.124252,-0.332455,0.0304465,-0.0304465,0.170338,0.0364709,-0.0364709,-0.081479,0.104421,-0.104421,0.289944,4.51195e-17,0,0.5,0.029151,-0.029151,0.360613,0.0142706,-0.0142706,-0.373052,0.0323552,-0.0323552,-0.29135,0.0323552,-0.0323552,-0.5,0.0070231,-0.0070231,-0.439862,0.120295,-0.120295,0.00314175,-2.25597e-16,9.58789e-17,-0.439862,0.0544183,-0.0544183,-0.47877,0.082862,-0.082862,-0.445616,0.0430578,7.89591e-17,0.170338,-2.25597e-16,9.58789e-17,-0.439862,4.51195e-17,0,0.5,0.0515777,2.70717e-16,-0.081479,0.0201817,1.46638e-16,-0.373052,0.147674,1.12799e-16,0.289944,0.0412257,2.25597e-17,0.360613,0.170122,3.38396e-17,0.00314175,0.117185,-2.14317e-16,-0.445616,0.0457571,1.91758e-16,-0.29135,0.175718,3.38396e-17,-0.332455,0.00993216,1.91758e-16,-0.439862,0.0769591,7.89591e-17,-0.47877,0.0457571,1.91758e-16,-0.5,0.147674,1.12799e-16,0.289944,4.51195e-17,0,0.5,0.0412257,2.25597e-17,0.360613,0.0515777,2.70717e-16,-0.081479,-2.25597e-16,9.58789e-17,-0.439862,0.0201817,1.46638e-16,-0.373052,0.0457571,1.91758e-16,-0.29135,0.170122,3.38396e-17,0.00314175,0.0430578,7.89591e-17,0.170338,0.175718,3.38396e-17,-0.332455,0.0457571,1.91758e-16,-0.5,0.00993216,1.91758e-16,-0.439862,0.0769591,7.89591e-17,-0.47877,0.117185,-2.14317e-16,-0.445616,-4.06075e-16,0.0430578,0.170338,-2.25597e-16,9.58789e-17,-0.439862,4.51195e-17,0,0.5,-3.15836e-16,0.0515777,-0.081479,-1.35358e-16,0.0201817,-0.373052,4.51195e-17,0.147674,0.289944,-4.51195e-17,0.0412257,0.360613,-1.35358e-16,0.170122,0.00314175,-3.15836e-16,0.117185,-0.445616,-1.35358e-16,0.0457571,-0.29135,-8.5727e-16,0.175718,-0.332455,-4.96314e-16,0.00993216,-0.439862,-5.86553e-16,0.0769591,-0.47877,-1.35358e-16,0.0457571,-0.5,4.51195e-17,0.147674,0.289944,4.51195e-17,0,0.5,-4.51195e-17,0.0412257,0.360613,-3.15836e-16,0.0515777,-0.081479,-2.25597e-16,9.58789e-17,-0.439862,-1.35358e-16,0.0201817,-0.373052,-1.35358e-16,0.0457571,-0.29135,-1.35358e-16,0.170122,0.00314175,-4.06075e-16,0.0430578,0.170338,-8.5727e-16,0.175718,-0.332455,-1.35358e-16,0.0457571,-0.5,-4.96314e-16,0.00993216,-0.439862,-5.86553e-16,0.0769591,-0.47877,-3.15836e-16,0.117185,-0.445616]},"normal":{"type":"float32","components":3,