{"model":{"version":3,"nodes":[{"name":"RootNode","position":[0,0,0],"rotation":[0,0,0],"scale":[0.01,0.01,0.01],"scaleCompensation":false},{"name":"Model","position":[0,0,0],"rotation":[0,0,0],"scale":[1,1,1],"scaleCompensation":false},{"name":"Mesh1","position":[0,0,0],"rotation":[0,0,0],"scale":[1,1,1],"scaleCompensation":false}],"parents":[-1,0,1],"skins":[],"morphs":[],"vertices":[{"position":{"type":"float32","components":3,"data":[1,0,-1.8,1,1.5,-1.8,1,1.5,-2,1,0,-2,-1,1.5,-1.8,-1,0,-1.8,-1,0,-2,-1,1.5,-2,1,1.5,-1.8,-1,1.5,-1.8,-1,1.5,-2,1,1.5,-2,1,3.20593e-31,1.8,1.8,0,1.8,1.8,-3.20593e-31,1,1.8,-3.20593e-31,-1,-1,3.20593e-31,1.8,-1.8,0,-1,-1,0,-1.8,-1.8,0,-1.8,-1,3.20593e-31,2,2,-3.20593e-31,-1,1,3.20593e-31,2,2,-3.20593e-31,1,1.8,0,-1.8,1,0,-1.8,-1,0,-2,1,0,-2,-1.8,0,1,-1.8,0,1.8,-2,0,-1,-2,0,1,1.8,2,-1.8,-1,1.5,-1.8,1,1.5,-1.8,1.8,0,-1.8,-1.8,0,-1.8,-1.8,2,-1.8,1,0,-1.8,-1,0,-1.8,-1.8,2,1.8,-1.8,2,-1.8,1.8,2,1.8,1.8,2,-1.8,-1.8,0,-1,-1.8,1.5,-1,-2,1.5,-1,-2,0,-1,-1.8,1.5,1,-1.8,0,1,-2,0,1,-2,1.5,1,-1.8,2,-1.8,-1.8,2,1.8,-1.8,1.5,1,-1.8,1.5,-1,-1.8,0,-1.8,-1.8,0,1.8,-1.8,0,-1,-1.8,0,1,-1.8,1.5,1,-2,1.5,-1,-1.8,1.5,-1,-2,1.5,1,1.8,1.5,-1,1.8,0,-1.8,1.8,-3.20593e-31,-1,1.8,2,-1.8,1.8,1.5,1,1.8,0,1.8,1.8,2,1.8,1.8,-3.20593e-31,1,1.8,1.5,-1,2,-3.20593e-31,-1,2,1.5,-1,1.8,-3.20593e-31,-1,1.8,-3.20593e-31,1,2,1.5,1,2,-3.20593e-31,1,1.8,1.5,1,1.8,1.5,1,2,1.5,-1,2,1.5,1,1.8,1.5,-1,1.8,0,1.8,1,1.5,1.8,1.8,2,1.8,-1.8,0,1.8,-1,1.5,1.8,-1,3.20593e-31,1.8,-1.8,2,1.8,1,3.20593e-31,1.8,-1,1.5,2,1,1.5,1.8,1,1.5,2,-1,1.5,1.8,1,1.5,1.8,1,3.20593e-31,2,1,1.5,2,1,3.20593e-31,1.8,-1,1.5,2,-1,3.20593e-31,2,-1,3.20593e-31,1.8,-1,1.5,1.8]},"normal":{"type":"float32","components":3,"data":[-1,0,0,-1,0,0,-1,0,0,-1,0,0,1,0,0,1,0,0,1,0,0,1,0,0,0,-1,0,0,-1,0,0,-1,0,0,-1,0,4.88082e-32,1,-4.88082e-32,4.88082e-32,1,-4.88082e-32,4.88082e-32,1,-4.88082e-32,4.88082e-32,1,-4.88082e-32,4.88082e-32,1,-4.88082e-32,4.88082e-32,1,-4.88082e-32,4.88082e-32,1,-4.88082e-32,4.88082e-32,1,-4.88082e-32,4.88082e-32,1,-4.88082e-32,4.88082e-32,1,-4.88082e-32,4.88082e-32,1,-4.88082e-32,4.88082e-32,1,-4.88082e-32,4.88082e-32,1,-4.88082e-32,4.88082e-32,1,-4.88082e-32,4.88082e-32,1,-4.88082e-32,4.88082e-32,1,-4.88082e-32,4.88082e-32,1,-4.88082e-32,4.88082e-32,1,-4.88082e-32,4.88082e-32,1,-4.88082e-32,4.88082e-32,1,-4.88082e-32,0,0,1,0,0,1,0,0,1,0,0,1,0,0,1,0,0,1,0,0,1,0,0,1,0,-1,0,0,-1,0,0,-1,0,0,-1,0,2.52669e-14,0,1,2.52669e-14,0,1,2.52669e-14,0,1,2.52669e-14,0,1,-1.44382e-14,0,-1,-1.44382e-14,0,-1,-1.44382e-14,0,-1,-1.44382e-14,0,-1,1,2.26482e-16,3.40524e-16,1,2.26482e-16,3.40524e-16,1,2.26482e-16,3.40524e-16,1,2.26482e-16,3.40524e-16,1,2.26482e-16,3.40524e-16,1,2.26482e-16,3.40524e-16,1,2.26482e-16,3.40524e-16,1,2.26482e-16,3.40524e-16,0,-1,0,0,-1,0,0,-1,0,0,-1,0,-1,8.49308e-17,5.10786e-16,-1,8.49308e-17,5.10786e-16,-1,8.49308e-17,5.10786e-16,-1,8.49308e-17,5.10786e-16,-1,8.49308e-17,5.10786e-16,-1,8.49308e-17,5.10786e-16,-1,8.49308e-17,5.10786e-16,-1,8.49308e-17,5.10786e-16,-1.44382e-14,0,1,-1.44382e-14,0,1,-1.44382e-14,0,1,-1.44382e-14,0,1,-7.21911e-15,0,-1,-7.21911e-15,0,-1,-7.21911e-15,0,-1,-7.21911e-15,0,-1,0,-1,0,0,-1,0,0,-1,0,0,-1,0,5.95917e-16,1.98172e-16,-1,5.95917e-16,1.98172e-16,-1,5.95917e-16,1.98172e-16,-1,5.95917e-16,1.98172e-16,-1,5.95917e-16,1.98172e-16,-1,5.95917e-16,1.98172e-16,-1,5.95917e-16,1.98172e-16,-1,5.95917e-16,1.98172e-16,-1,0,-1,0,0,-1,0,0,-1,0,0,-1,0,-1,0,1.44382e-14,-1,0,1.44382e-14,-1,0,1.44382e-14,-1,0,1.44382e-14,1,0,-3.60956e-15,1,0,-3.60956e-15,1,0,-3.60956e-15,1,0,-3.60956e-15]},"texCoord0":{"type":"float32","components":2,"data":[-4.5,0,-4.5,3.75,-5,3.75,-5,0,4.5,3.75,4.5,0,5,0,5,3.75,-1.94175,3.49515,1.94175,3.49515,1.94175,3.8835,-1.94175,3.8835,-1.75,-2.25,0.25,-2.25,0.25,-0.25,0.25,4.75,-6.75,-2.25,-8.75,4.75,-6.75,6.75,-8.75,6.75,-6.75,-2.75,0.75,4.75,-1.75,-2.75,0.75,-0.25,0.25,6.75,-1.75,6.75,-6.75,7.25,-1.75,7.25,-8.75,-0.25,-8.75,-2.25,-9.25,4.75,-9.25,-0.25,4.5,5,-2.5,3.75,2.5,3.75,4.5,0,-4.5,0,-4.5,5,2.5,0,-2.5,0,5.00971,-2.97087,5.00971,4.01942,-1.98058,-2.97087,-1.98058,4.01942,-4.5,0,-4.5,3.75,-5,3.75,-5,0,4.5,3.75,4.5,0,5,0,5,3.75,4.5,5,-4.5,5,-2.5,3.75,2.5,3.75,4.5,1.01917e-15,-4.5,1.01917e-15,2.5,1.01917e-15,-2.5,1.01917e-15,1.94175,3.49515,-1.94175,3.8835,-1.94175,3.49515,1.94175,3.8835,-2.5,3.75,-4.5,3.82188e-16,-2.5,3.82188e-16,-4.5,5,2.5,3.75,4.5,3.82188e-16,4.5,5,2.5,3.82188e-16,4.5,3.75,5,0,5,3.75,4.5,0,-4.5,0,-5,3.75,-5,0,-4.5,3.75,-1.94175,3.49515,1.94175,3.8835,-1.94175,3.8835,1.94175,3.49515,-4.5,1.0821e-15,-2.5,3.75,-4.5,5,4.5,1.0821e-15,2.5,3.75,2.5,1.0821e-15,4.5,5,-2.5,1.0821e-15,-1.94175,3.8835,1.94175,3.49515,1.94175,3.8835,-1.94175,3.49515,4.5,3.75,5,0,5,3.75,4.5,0,-5,3.75,-5,0,-4.5,0,-4.5,3.75]}}],"meshes":[{"aabb":{"min":[-2,-3.20593e-31,-2],"max":[2,2,2]},"vertices":0,"indices":[0,1,2,0,2,3,4,5,6,4,6,7,32,33,34,34,35,32,36,33,37,32,37,33,35,34,38,33,36,39,44,45,46,46,47,44,48,49,50,50,51,48,52,53,54,55,56,52,57,54,53,56,55,58,52,54,55,54,57,59,64,65,66,65,64,67,68,69,70,70,67,64,70,64,68,69,68,71,72,73,74,73,72,75,76,77,78,77,76,79,84,85,86,87,88,89,90,85,88,88,87,90,85,84,91,85,90,86,96,97,98,97,96,99,100,101,102,100,102,103],"type":"triangles","base":0,"count":120},{"aabb":{"min":[-2,-3.20593e-31,-2],"max":[2,2,2]},"vertices":0,"indices":[8,9,10,8,10,11,40,41,42,42,41,43,60,61,62,61,60,63,80,81,82,81,80,83,92,93,94,93,92,95],"type":"triangles","base":0,"count":30},{"aabb":{"min":[-2,-3.20593e-31,-2],"max":[2,2,2]},"vertices":0,"indices":[12,13,14,14,15,16,17,18,19,20,12,16,15,14,21,12,20,22,21,14,23,14,16,12,15,24,25,26,25,27,15,18,16,18,17,16,18,15,25,25,26,18,28,29,16,30,28,17,16,17,28,28,30,31],"type":"triangles","base":0,"count":54}],"meshInstances":[{"node":2,"mesh":0},{"node":2,"mesh":1},{"node":2,"mesh":2}]}}