{"model":{"version":3,"nodes":[{"name":"RootNode","position":[0,0,0],"rotation":[0,0,0],"scale":[0.01,0.01,0.01],"scaleCompensation":false},{"name":"Model","position":[0,0,0],"rotation":[0,0,0],"scale":[1,1,1],"scaleCompensation":false},{"name":"Mesh1","position":[0,0,0],"rotation":[0,0,0],"scale":[1,1,1],"scaleCompensation":false}],"parents":[-1,0,1],"skins":[],"morphs":[],"vertices":[{"position":{"type":"float32","components":3,"data":[1.75,1.5,0.9,1.75,1.38625,0.78625,1.75,0.5,0.9,1.75,1.5,-0.9,1.75,1.38625,-0.78625,1.75,0.61375,-0.78625,1.75,0.61375,0.78625,1.75,0.5,-0.9,1.75,0.5,-0.9,1.8,1.5,-0.9,1.8,0.5,-0.9,1.75,1.5,-0.9,1.75,0.5,0.9,1.8,0.5,-0.9,1.8,0.5,0.9,1.75,0.5,-0.9,1.75,1.5,0.9,1.8,0.5,0.9,1.8,1.5,0.9,1.75,0.5,0.9,1.75,1.5,-0.9,1.75,1.5,0.9,1.8,1.5,0.9,1.8,1.5,-0.9,1.78,1.38625,0.78625,1.78,0.61375,-0.78625,1.78,0.61375,0.78625,1.78,1.38625,-0.78625,1.78,0.61375,0.78625,1.75,0.61375,-0.78625,1.75,0.61375,0.78625,1.78,0.61375,-0.78625,1.78,1.38625,0.78625,1.78,0.61375,0.78625,1.75,0.61375,0.78625,1.75,1.38625,0.78625,1.78,1.38625,-0.78625,1.78,1.38625,0.78625,1.75,1.38625,0.78625,1.75,1.38625,-0.78625,1.78,0.61375,-0.78625,1.78,1.38625,-0.78625,1.75,1.38625,-0.78625,1.75,0.61375,-0.78625]},"normal":{"type":"float32","components":3,"data":[-1,0,0,-1,0,0,-1,0,0,-1,0,0,-1,0,0,-1,0,0,-1,0,0,-1,0,0,0,0,-1,0,0,-1,0,0,-1,0,0,-1,0,-1,0,0,-1,0,0,-1,0,0,-1,0,0,0,1,0,0,1,0,0,1,0,0,1,0,1,0,0,1,0,0,1,0,0,1,0,-1,0,0,-1,0,0,-1,0,0,-1,0,0,0,1,0,0,1,0,0,1,0,0,1,0,0,0,-1,0,0,-1,0,0,-1,0,0,-1,0,-1,0,0,-1,0,0,-1,0,0,-1,0,0,0,1,0,0,1,0,0,1,0,0,1]},"texCoord0":{"type":"float32","components":2,"data":[35.4331,59.0551,30.9547,54.5768,35.4331,19.685,-35.4331,59.0551,-30.9547,54.5768,-30.9547,24.1634,30.9547,24.1634,-35.4331,19.685,-68.8976,19.685,-70.8661,59.0551,-70.8661,19.685,-68.8976,59.0551,-68.8976,-35.4331,-70.8661,35.4331,-70.8661,-35.4331,-68.8976,35.4331,68.8976,59.0551,70.8661,19.685,70.8661,59.0551,68.8976,19.685,68.8976,35.4331,68.8976,-35.4331,70.8661,-35.4331,70.8661,35.4331,30.9547,54.5768,-30.9547,24.1634,30.9547,24.1634,-30.9547,54.5768,70.0787,-30.9547,68.8976,30.9547,68.8976,-30.9547,70.0787,30.9547,-70.0787,54.5768,-70.0787,24.1634,-68.8976,24.1634,-68.8976,54.5768,-70.0787,30.9547,-70.0787,-30.9547,-68.8976,-30.9547,-68.8976,30.9547,70.0787,24.1634,70.0787,54.5768,68.8976,54.5768,68.8976,24.1634]}}],"meshes":[{"aabb":{"min":[1.75,0.5,-0.9],"max":[1.8,1.5,0.9]},"vertices":0,"indices":[0,1,2,1,0,3,1,3,4,4,3,5,2,6,7,6,2,1,7,6,5,7,5,3,8,9,10,9,8,11,12,13,14,13,12,15,16,17,18,17,16,19,20,21,22,22,23,20,28,29,30,29,28,31,32,33,34,34,35,32,36,37,38,38,39,36,40,41,42,42,43,40],"type":"triangles","base":0,"count":72},{"aabb":{"min":[1.75,0.5,-0.9],"max":[1.8,1.5,0.9]},"vertices":0,"indices":[24,25,26,25,24,27],"type":"triangles","base":0,"count":6}],"meshInstances":[{"node":2,"mesh":0},{"node":2,"mesh":1}]}}