{"model":{"version":3,"nodes":[{"name":"RootNode","position":[0,0,0],"rotation":[0,0,0],"scale":[0.01,0.01,0.01],"scaleCompensation":false},{"name":"Model","position":[0,0,0],"rotation":[0,0,0],"scale":[1,1,1],"scaleCompensation":false},{"name":"Group1","position":[0,0,0],"rotation":[0,0,0],"scale":[1,1,1],"scaleCompensation":false},{"name":"Mesh1","position":[0,0,0],"rotation":[0,0,0],"scale":[1,1,1],"scaleCompensation":false}],"parents":[-1,0,1,2],"skins":[],"morphs":[],"vertices":[{"position":{"type":"float32","components":3,"data":[1.10788,1.5,-1.47581,1.5,-4.8089e-31,-1.5,1.5,1.5,-1.5,1.10788,-4.90771e-31,-1.47581,0.75,-1.87013e-31,0.75,0.853659,1.5,0.66124,0.853659,-2.47905e-31,0.66124,0.75,1.5,0.75,0.722324,1.5,-1.40037,0.722324,-4.87335e-31,-1.40037,1.10788,-4.90771e-31,-1.47581,0.66124,-1.24529e-31,0.853659,0.75,1.5,0.75,0.75,-1.87013e-31,0.75,0.66124,1.5,0.853659,0.969745,-3.05753e-31,0.589495,1.09549,1.5,0.536475,1.09549,-3.59178e-31,0.536475,0.969745,1.5,0.589495,1.09549,-3.59178e-31,0.536475,1.2279,1.5,0.503443,1.2279,-4.06908e-31,0.503443,1.09549,1.5,0.536475,1.2279,-4.06908e-31,0.503443,1.24841,1.5,0.501594,1.24841,-4.13077e-31,0.501594,1.2279,1.5,0.503443,0.853659,-2.47905e-31,0.66124,0.969745,1.5,0.589495,0.969745,-3.05753e-31,0.589495,0.853659,1.5,0.66124,-0.883932,-2.8037e-31,-0.329537,-0.883932,1.5,-0.329537,-1.10185,-2.06048e-31,-0.00265317,-1.10185,1.5,-0.00265317,0.536475,-7.44418e-34,1.09549,0.589495,1.5,0.969745,0.589495,-6.19418e-32,0.969745,0.536475,1.5,1.09549,-1.10185,-2.06048e-31,-0.00265317,-1.20266,1.5,0.202658,-1.20266,-2.97545e-31,0.202658,-0.625,-3.45013e-31,-0.625,-0.625,1.5,-0.625,0.589495,-6.19418e-32,0.969745,0.66124,1.5,0.853659,0.66124,-1.24529e-31,0.853659,0.589495,1.5,0.969745,-0.329537,1.5,-0.883932,-0.329537,-3.9886e-31,-0.883932,-1.32551,-2.72392e-31,0.5,-1.32551,1.5,0.5,-1.40037,-3.36536e-32,0.722324,-1.40037,1.5,0.722324,-0.00265317,1.5,-1.10185,0.202658,-3.3509e-31,-1.20266,0.202658,1.5,-1.20266,-0.00265317,-4.40979e-31,-1.10185,-1.275,-1.23332e-31,0.35,-1.275,1.5,0.35,0.35,1.5,-1.275,0.5,-3.21163e-31,-1.32551,0.5,1.5,-1.32551,0.35,-4.70641e-31,-1.275,-0.329537,-3.9886e-31,-0.883932,-0.00265317,-4.40979e-31,-1.10185,-1.275,-1.23332e-31,0.35,0.503443,5.76049e-32,1.2279,0.536475,1.5,1.09549,0.536475,-7.44418e-34,1.09549,0.503443,1.5,1.2279,0.722324,-4.87335e-31,-1.40037,0.35,-4.70641e-31,-1.275,-1.40037,-3.36536e-32,0.722324,-1.47581,6.14375e-32,1.10788,-1.47581,1.5,1.10788,-1.47581,6.14375e-32,1.10788,-1.5,1.60297e-31,1.5,-1.5,1.5,1.5,0.503443,1.5,1.2279,0.5,7.28055e-32,1.26608,0.5,1.5,1.26608,0.503443,5.76049e-32,1.2279,0.5,1.5,1.26608,0.5,1.60297e-31,1.5,0.5,1.5,1.5,0.5,7.28055e-32,1.26608,-1.32551,-2.72392e-31,0.5,0.536475,-7.44418e-34,1.09549,-1.275,-1.23332e-31,0.35,0.503443,5.76049e-32,1.2279,-1.47581,6.14375e-32,1.10788,0.5,7.28055e-32,1.26608,1.5,-4.8089e-31,-1.5,1.26608,-4.18396e-31,0.5,1.5,-4.8089e-31,0.5,1.2279,-4.06908e-31,0.503443,1.10788,-4.90771e-31,-1.47581,0.722324,-4.87335e-31,-1.40037,0.75,-1.87013e-31,0.75,-0.883932,-2.8037e-31,-0.329537,0.66124,-1.24529e-31,0.853659,-0.329537,-3.9886e-31,-0.883932,0.853659,-2.47905e-31,0.66124,-0.00265317,-4.40979e-31,-1.10185,1.24841,-4.13077e-31,0.501594,0.5,-3.21163e-31,-1.32551,1.09549,-3.59178e-31,0.536475,0.202658,-3.3509e-31,-1.20266,0.969745,-3.05753e-31,0.589495,0.35,-4.70641e-31,-1.275,-0.625,-3.45013e-31,-0.625,-1.10185,-2.06048e-31,-0.00265317,0.589495,-6.19418e-32,0.969745,-1.20266,-2.97545e-31,0.202658,-1.40037,-3.36536e-32,0.722324,-1.5,1.60297e-31,1.5,0.5,1.60297e-31,1.5,0.75,1.5,0.75,-0.329537,1.5,-0.883932,0.853659,1.5,0.66124,1.26608,1.5,0.5,1.10788,1.5,-1.47581,1.5,1.5,-1.5,0.536475,1.5,1.09549,-1.20266,1.5,0.202658,0.589495,1.5,0.969745,-1.10185,1.5,-0.00265317,1.2279,1.5,0.503443,1.24841,1.5,0.501594,1.5,1.5,0.5,0.969745,1.5,0.589495,0.202658,1.5,-1.20266,1.09549,1.5,0.536475,0.5,1.5,-1.32551,-0.00265317,1.5,-1.10185,0.66124,1.5,0.853659,-0.883932,1.5,-0.329537,-1.5,1.5,1.5,0.5,1.5,1.26608,0.5,1.5,1.5,0.503443,1.5,1.2279,-1.32551,1.5,0.5,-1.47581,1.5,1.10788,-1.40037,1.5,0.722324,-1.275,1.5,0.35,-0.625,1.5,-0.625,0.35,1.5,-1.275,0.722324,1.5,-1.40037,1.24841,-4.13077e-31,0.501594,1.26608,1.5,0.5,1.26608,-4.18396e-31,0.5,1.26608,-4.18396e-31,0.5,1.5,1.5,0.5,1.5,-4.8089e-31,0.5,1.26608,1.5,0.5]},"normal":{"type":"float32","components":3,