{"model":{"version":3,"nodes":[{"name":"RootNode","position":[0,0,0],"rotation":[0,0,0],"scale":[0.01,0.01,0.01],"scaleCompensation":false},{"name":"Model","position":[0,0,0],"rotation":[0,0,0],"scale":[1,1,1],"scaleCompensation":false},{"name":"Group1","position":[0,0,0],"rotation":[0,0,0],"scale":[1,1,1],"scaleCompensation":false},{"name":"Mesh1","position":[0,0,0],"rotation":[0,0,0],"scale":[1,1,1],"scaleCompensation":false}],"parents":[-1,0,1,2],"skins":[],"morphs":[],"vertices":[{"position":{"type":"float32","components":3,"data":[-0.456789,-0.00154974,-0.364277,-0.456789,1.87855,-0.364277,-0.253499,-0.00154974,-0.526396,-0.253499,1.87855,-0.526396,-0.456789,1.87855,-0.364277,-0.456789,-0.00154974,-0.364277,-0.253499,1.87855,-0.526396,-0.253499,-0.00154974,-0.526396,-0.456789,1.87855,0.364277,-0.456789,-0.00154974,0.364277,-0.253499,1.87855,0.526396,-0.253499,-0.00154974,0.526396,-0.456789,-0.00154974,0.364277,-0.456789,1.87855,0.364277,-0.253499,-0.00154974,0.526396,-0.253499,1.87855,0.526396,0.253499,-0.00154974,-0.526396,0.456789,1.87855,-0.364277,0.456789,-0.00154974,-0.364277,0.253499,1.87855,-0.526396,0.253499,1.87855,-0.526396,0.253499,-0.00154974,-0.526396,0.456789,1.87855,-0.364277,0.456789,-0.00154974,-0.364277,0,-0.00154974,-0.584255,0.253499,1.87855,-0.526396,0.253499,-0.00154974,-0.526396,0,1.87855,-0.584255,0,1.87855,-0.584255,0,-0.00154974,-0.584255,0.253499,1.87855,-0.526396,0.253499,-0.00154974,-0.526396,-0.569607,1.87855,-0.130009,-0.456789,-0.00154974,-0.364277,-0.569607,-0.00154974,-0.130009,-0.456789,1.87855,-0.364277,-0.569607,1.87855,-0.130009,-0.456789,-0.00154974,-0.364277,-0.456789,1.87855,-0.364277,-0.569607,-0.00154974,-0.130009,0,1.87855,0.584255,2.22045e-16,-0.00154974,0.584255,0.253499,1.87855,0.526396,0.253499,-0.00154974,0.526396,2.22045e-16,-0.00154974,0.584255,0.253499,1.87855,0.526396,0.253499,-0.00154974,0.526396,0,1.87855,0.584255,-0.569607,1.87855,0.130009,-0.569607,-0.00154974,-0.130009,-0.569607,-0.00154974,0.130009,-0.569607,1.87855,-0.130009,-0.569607,-0.00154974,0.130009,-0.569607,1.87855,-0.130009,-0.569607,1.87855,0.130009,-0.569607,-0.00154974,-0.130009,-0.456789,-0.00154974,0.364277,-0.569607,1.87855,0.130009,-0.569607,-0.00154974,0.130009,-0.456789,1.87855,0.364277,-0.456789,-0.00154974,0.364277,-0.569607,1.87855,0.130009,-0.456789,1.87855,0.364277,-0.569607,-0.00154974,0.130009,0.569607,-0.00154974,0.130009,0.569607,1.87855,0.130009,0.456789,-0.00154974,0.364277,0.456789,1.87855,0.364277,0.569607,1.87855,0.130009,0.569607,-0.00154974,0.130009,0.456789,1.87855,0.364277,0.456789,-0.00154974,0.364277,0.569607,-0.00154974,-0.130009,0.569607,1.87855,-0.130009,0.569607,-0.00154974,0.130009,0.569607,1.87855,0.130009,0.569607,1.87855,-0.130009,0.569607,-0.00154974,-0.130009,0.569607,1.87855,0.130009,0.569607,-0.00154974,0.130009,0.253499,1.87855,0.526396,0.253499,-0.00154974,0.526396,0.456789,1.87855,0.364277,0.456789,-0.00154974,0.364277,0.253499,-0.00154974,0.526396,0.253499,1.87855,0.526396,0.456789,-0.00154974,0.364277,0.456789,1.87855,0.364277,0.456789,-0.00154974,-0.364277,0.456789,1.87855,-0.364277,0.569607,-0.00154974,-0.130009,0.569607,1.87855,-0.130009,0.456789,1.87855,-0.364277,0.456789,-0.00154974,-0.364277,0.569607,1.87855,-0.130009,0.569607,-0.00154974,-0.130009,-0.253499,-0.00154974,-0.526396,-0.253499,1.87855,-0.526396,0,-0.00154974,-0.584255,0,1.87855,-0.584255,-0.253499,1.87855,-0.526396,-0.253499,-0.00154974,-0.526396,0,1.87855,-0.584255,0,-0.00154974,-0.584255,-0.253499,1.87855,0.526396,-0.253499,-0.00154974,0.526396,2.22045e-16,-0.00154974,0.584255,-0.253499,-0.00154974,0.526396,2.22045e-16,-0.00154974,0.584255,-0.253499,1.87855,0.526396,-0.253499,1.87855,-0.526396,0,1.87855,0.584255,0.456789,1.87855,-0.364277,-0.569607,1.87855,-0.130009,-0.253499,1.87855,0.526396,0.569607,1.87855,-0.130009,0.569607,1.87855,0.130009,0.253499,1.87855,-0.526396,0,1.87855,-0.584255,-0.456789,1.87855,-0.364277,-0.569607,1.87855,0.130009,-0.456789,1.87855,0.364277,0.456789,1.87855,0.364277,0.253499,1.87855,0.526396,-0.253499,1.87855,-0.526396,0.456789,1.87855,-0.364277,0,1.87855,0.584255,0.253499,1.87855,-0.526396,0.569607,1.87855,0.130009,0.456789,1.87855,0.364277,0.253499,1.87855,0.526396,-0.253499,1.87855,0.526396,-0.569607,1.87855,-0.130009,-0.569607,1.87855,0.130009,-0.456789,1.87855,0.364277,-0.456789,1.87855,-0.364277,0,1.87855,-0.584255,0.569607,1.87855,-0.130009]},"normal":{"type":"float32","components":3,