{"model":{"version":3,"nodes":[{"name":"RootNode","position":[0,0,0],"rotation":[0,0,0],"scale":[0.01,0.01,0.01],"scaleCompensation":false},{"name":"Cube","position":[0,0,0],"rotation":[-90,0,0],"scale":[100,100,100],"scaleCompensation":false},{"name":"Light","position":[407.625,590.386,-100.545],"rotation":[47.5336,107.221,10.7437],"scale":[100,100,100],"scaleCompensation":false},{"name":"Camera","position":[735.889,495.831,692.579],"rotation":[22.7688,142.108,34.3485],"scale":[100,100,100],"scaleCompensation":false}],"parents":[-1,0,0,0],"skins":[],"morphs":[],"vertices":[{"position":{"type":"float32","components":3,"data":[-0.971214,-0.485607,0.971214,-0.93707,-0.93707,0.93707,-0.5,-0.5,1,-0.485607,-0.971214,0.971214,-0.93707,-0.93707,0.93707,-0.5,-1,0.5,-0.485607,-0.971214,0.971214,-0.971214,-0.971214,0.485607,-0.93707,0.93707,0.93707,-1,0.5,0.5,-0.971214,0.485607,0.971214,-0.971214,0.971214,0.485607,0.93707,-0.93707,-0.93707,0.485607,-0.971214,-0.971214,0.5,-0.5,-1,0.971214,-0.485607,-0.971214,0.93707,-0.93707,0.93707,1,-0.5,0.5,0.971214,-0.485607,0.971214,0.971214,-0.971214,0.485607,0.93707,0.93707,0.93707,0.5,1,0.5,0.485607,0.971214,0.971214,0.971214,0.971214,0.485607,0.5,1,0,0.971214,0.971214,-0.485607,0.5,1,-0.5,0.971214,0.971214,0,0,1,0,-0.5,1,-0.5,-0.5,1,0,0,1,-0.5,-0.485607,0.971214,0.971214,0,1,0.5,-0.5,1,0.5,0,0.971214,0.971214,1,-0.5,0,0.971214,-0.971214,-0.485607,1,-0.5,-0.5,0.971214,-0.971214,0,1,0,0,1,0.5,-0.5,1,0.5,0,1,0,-0.5,0.971214,0.485607,0.971214,1,0,0.5,1,0.5,0.5,0.971214,0,0.971214,-0.485607,-0.971214,-0.971214,0,-0.5,-1,0,-0.971214,-0.971214,-0.5,-0.5,-1,0,0,-1,-0.5,0,-1,-0.5,0.5,-1,0,0.5,-1,0.5,0,-1,0.971214,0.485607,-0.971214,0.971214,0,-0.971214,0.5,0.5,-1,-1,0.5,0,-0.971214,0.971214,-0.485607,-1,0.5,-0.5,-0.971214,0.971214,0,-1,0,0,-1,-0.5,-0.5,-1,-0.5,0,-1,0,-0.5,-0.971214,-0.485607,0.971214,-1,0,0.5,-1,-0.5,0.5,-0.971214,0,0.971214,-0.5,-1,0,-0.971214,-0.971214,-0.485607,-0.5,-1,-0.5,-0.971214,-0.971214,0,0,-1,0,0.5,-1,-0.5,0.5,-1,0,0,-1,-0.5,0.485607,-0.971214,0.971214,0,-1,0.5,0.5,-1,0.5,0,-0.971214,0.971214,0,-0.5,1,0.485607,-0.971214,0.971214,0.5,-0.5,1,0,-0.971214,0.971214,0,0.5,1,0,0,1,0.5,0.5,1,0.5,0,1,-0.971214,0.485607,0.971214,-0.5,0,1,-0.5,0.5,1,-0.971214,0,0.971214,-0.485607,0.971214,0.971214,0,0.971214,0.971214,-0.93707,0.93707,0.93707,0.485607,0.971214,0.971214,0.485607,-0.971214,-0.971214,0,-0.971214,-0.971214,-0.93707,-0.93707,-0.93707,-0.485607,-0.971214,-0.971214,-0.971214,-0.971214,0.485607,-0.971214,-0.971214,0,-0.93707,-0.93707,0.93707,-0.971214,-0.485607,-0.971214,-0.971214,0,-0.971214,-0.93707,-0.93707,-0.93707,-0.971214,-0.971214,-0.485607,-0.93707,0.93707,-0.93707,-0.971214,0.485607,-0.971214,0.485607,0.971214,-0.971214,0,0.971214,-0.971214,0.93707,0.93707,-0.93707,-0.971214,0,-0.971214,-0.971214,0.485607,-0.971214,-0.93707,0.93707,-0.93707,-0.485607,0.971214,-0.971214,-0.93707,-0.93707,-0.93707,-0.971214,-0.485607,-0.971214,-0.485607,0.971214,-0.971214,0,0.971214,-0.971214,0.485607,0.971214,-0.971214]},"normal":{"type":"float32","components":3,"data":[-0.706351,-0.0455641,0.706351,-0.577349,-0.577349,0.577349,-0.0335398,-0.0335398,0.998871,-0.0455641,-0.706351,0.706351,-0.577349,-0.577349,0.577349,-0.0335398,-0.998871,0.0335398,-0.0455641,-0.706351,0.706351,-0.706351,-0.706351,0.0455641,-0.577349,0.577349,0.577349,-0.998871,0.0335398,0.0335398,-0.706351,0.0455641,0.706351,-0.706351,0.706351,0.0455641,0.577349,-0.577349,-0.577349,0.0455641,-0.706351,-0.706351,0.0335398,-0.0335398,-0.998871,0.706351,-0.0455641,-0.706351,0.577349,-0.577349,0.577349,0.998871,-0.0335398,0.0335398,0.706351,-0.0455641,0.706351,0.706351,-0.706351,0.0455641,0.577349,0.577349,0.577349,0.0335398,0.998871,0.0335398,0.0455641,0.706351,0.706351,0.706351,0.706351,0.0455641,0.030488,0.999512,0,0.706351,0.706351,-0.0455641,0.0335398,0.998871,-0.0335398,0.707083,0.707083,0,0,1,0,-0.0335398,0.998871,-0.0335398,-0.030488,0.999512,0,0,0.999512,-0.030488,-0.0455641,0.706351,0.706351,0,0.999512,0.030488,-0.0335398,0.998871,0.0335398,0,0.707083,0.707083,0.999512,-0.030488,0,0.706351,-0.706351,-0.0455641,0.998871,-0.0335398,-0.0335398,0.707083,-0.707083,0,1,0,0,0.998871,0.0335398,-0.0335398,0.999512,0.030488,0,0.999512,0,-0.030488,0.706351,0.0455641,0.706351,0.999512,0,0.030488,0.998871,0.0335398,0.0335398,0.707083,0,0.707083,-0.0455641,-0.706351,-0.706351,0,-0.030488,-0.999512,0,-0.707083,-0.707083,-0.0335398,-0.0335398,-0.998871,0,0,-1,-0.030488,0,-0.999512,-0.0335398,0.0335398,-0.998871,0,0.030488,-0.999512,0.030488,0,-0.999512,0.706351,0.0455641,-0.706351,0.707083,0,-0.707083,0.0335398,0.0335398,-0.998871,-0.999512,0.030488,0,-0.706351,0.706351,-0.0455641,-0.998871,0.0335398,-0.0335398,-0.707083,0.707083,0,-1,0,0,-0.998871,-0.0335398,-0.0335398,-0.999512,-0.030488,0,-0.999512,0,-0.030488,-0.706351,-0.0455641,0.706351,-0.999512,0,0.030488,-0.998871,-0.0335398,0.0335398,-0.707083,0,0.707083,-0.030488,-0.999512,0,-0.706351,-0.706351,-0.0455641,-0.0335398,-0.998871,-0.0335398,-0.707083,-0.707083,0,0,-1,0,0.0335398,-0.998871,-0.0335398,0.030488,-0.999512,0,0,-0.999512,-0.030488,0.0455641,-0.706351,0.706351,0,-0.999512,0.030488,0.0335398,-0.998871,0.0335398,0,-0.707083,0.707083,0,-0.030488,0.999512,0.0455641,-0.706351,0.706351,0.0335398,-0.0335398,0.998871,0,-0.707083,0.707083,0,0.030488,0.999512,0,0,1,0.0335398,0.0335398,0.998871,0.030488,0,0.999512,-0.706351,0.0455641,0.706351,-0.030488,0,0.999512,-0.0335398,0.0335398,0.998871,-0.707083,0,0.707083,-0.0455641,0.706351,0.706351,0,0.707083,0.707083,-0.577349,0.577349,0.577349,0.0455641,0.706351,0.706351,0.0455641,-0.706351,-0.706351,0,-0.707083,-0.707083,-0.577349,-0.577349,-0.577349,-0.0455641,-0.706351,-0.706351,-0.706351,-0.706351,0.0455641,-0.707083,-0.707083,0,-0.577349,-0.577349,0.577349,-0.706351,-0.0455641,-0.706351,-0.707083,0,-0.707083,-0.577349,-0.577349,-0.577349,-0.706351,-0.706351,-0.0455641,-0.577349,0.577349,-0.577349,-0.706351,0.0455641,-0.706351,0.0455641,0.706351,-0.706351,0,0.707083,-0.707083,0.577349,0.577349,-0.577349,-0.707083,0,-0.707083,-0.706351,0.0455641,-0.706351,-0.577349,0.577349,-0.577349,-0.0455641,0.706351,-0.706351,-0.577349,-0.577349,-0.577349,-0.706351,-0.0455641,-0.706351,-0.0455641,0.706351,-0.706351,0,0.707083,-0.707083,0.0455641,0.706351,-0.706351]},"texCoord0":{"type":"float32","components":2,"data":[0.875,0.6875,0.875,0.75,0.8125,0.6875,0.8125,0.75,0.625,1,0.5625,0.9375,0.625,0.9375,0.5625,1,0.625,0.25,0.5625,0.1875,0.625,0.1875,0.5625,0.25,0.375,0.75,0.3125,0.75,0.3125,0.6875,0.375,0.6875,0.625,0.75,0.5625,0.6875,0.625,0.6875,0.5625,0.75,0.625,0.5,0.5625,0.4375,0.625,0.4375,0.5625,0.5,0.5,0.4375,0.4375,0.5,0.4375,0.4375,0.5,0.5,0.5,0.375,0.4375,0.3125,0.5,0.3125,0.4375,0.375,0.625,0.3125,0.5625,0.375,0.5625,0.3125,0.625,0.375,0.5,0.6875,0.4375,0.75,0.4375,0.6875,0.5,0.75,0.5,0.625,0.4375,0.5625,0.5,0.5625,0.4375,0.625,0.625,0.5625,0.5625,0.625,0.5625,0.5625,0.625,0.625,0.1875,0.75,0.25,0.6875,0.25,0.75,0.1875,0.6875,0.25,0.625,0.1875,0.625,0.1875,0.5625,0.25,0.5625,0.3125,0.625,0.375,0.5625,0.375,0.625,0.3125,0.5625,0.5,0.1875,0.4375,0.25,0.4375,0.1875,0.5,0.25,0.5,0.125,0.4375,0.0625,0.5,0.0625,0.4375,0.125,0.625,0.0625,0.5625,0.125,0.5625,0.0625,0.625,0.125,0.5,0.9375,0.4375,1,0.4375,0.9375,0.5,1,0.5,0.875,0.4375,0.8125,0.5,0.8125,0.4375,0.875,0.625,0.8125,0.5625,0.875,0.5625,0.8125,0.625,0.875,0.75,0.6875,0.6875,0.75,0.6875,0.6875,0.75,0.75,0.75,0.5625,0.75,0.625,0.6875,0.5625,0.6875,0.625,0.875,0.5625,0.8125,0.625,0.8125,0.5625,0.875,0.625,0.8125,0.5,0.75,0.5,0.875,0.5,0.6875,0.5,0.375,0.8125,0.375,0.875,0.375,1,0.375,0.9375,0.5625,0,0.5,0,0.625,0,0.375,0.0625,0.375,0.125,0.375,0,0.4375,0,0.375,0.25,0.375,0.1875,0.3125,0.5,0.25,0.5,0.375,0.5,0.125,0.625,0.125,0.5625,0.125,0.5,0.1875,0.5,0.125,0.75,0.125,0.6875,0.375,0.3125,0.375,0.375,0.375,0.4375]}}],"meshes":[{"aabb":{"min":[-1,-1,-1],"max":[1,1,1]},"vertices":0,