{"model":{"version":3,"nodes":[{"name":"RootNode","position":[0,0,0],"rotation":[0,0,0],"scale":[0.01,0.01,0.01],"scaleCompensation":false},{"name":"Model","position":[0,0,0],"rotation":[0,0,0],"scale":[1,1,1],"scaleCompensation":false},{"name":"Mesh1","position":[0,0,0],"rotation":[0,0,0],"scale":[1,1,1],"scaleCompensation":false}],"parents":[-1,0,1],"skins":[],"morphs":[],"vertices":[{"position":{"type":"float32","components":3,"data":[-0.05,-0.5,0.25,-0.05,0.5,0.25,-0.05,-0.5,-0.25,-0.05,-0.25,0.5,-0.05,0.25,0.5,-0.05,-0.25,-0.5,-0.05,1,-0.25,-0.05,1,0.25,-0.05,0.75,-0.5,0.05,0.75,-0.5,0.05,0.5,0.25,0.05,-0.25,-0.5,0.05,-0.5,-0.25,0.05,-0.5,0.25,0.05,1,-0.25,0.05,1,0.25,0.05,-0.25,0.5,0.05,0.25,0.5,0.05,-0.5,-0.25,0.05,-0.5,0.25,-0.05,-0.5,0.25,-0.05,-0.5,-0.25,0.05,-0.5,0.25,0.05,-0.25,0.5,-0.05,-0.25,0.5,-0.05,-0.5,0.25,0.05,-0.25,0.5,0.05,0.25,0.5,-0.05,0.25,0.5,-0.05,-0.25,0.5,0.05,0.25,0.5,-0.05,0.5,0.25,-0.05,0.25,0.5,0.05,0.5,0.25,0.05,0.5,0.25,0.05,1,0.25,-0.05,1,0.25,-0.05,0.5,0.25,0.05,1,0.25,-0.05,1,-0.25,-0.05,1,0.25,0.05,1,-0.25,0.05,1,-0.25,-0.05,0.75,-0.5,-0.05,1,-0.25,0.05,0.75,-0.5,0.05,0.75,-0.5,0.05,-0.25,-0.5,-0.05,-0.25,-0.5,-0.05,0.75,-0.5,0.05,-0.25,-0.5,0.05,-0.5,-0.25,-0.05,-0.5,-0.25,-0.05,-0.25,-0.5]},"normal":{"type":"float32","components":3,"data":[-1,0,0,-1,0,0,-1,0,0,-1,0,0,-1,0,0,-1,0,0,-1,0,0,-1,0,0,-1,0,0,1,0,0,1,0,0,1,0,0,1,0,0,1,0,0,1,0,0,1,0,0,1,0,0,1,0,0,0,-1,0,0,-1,0,0,-1,0,0,-1,0,0,-0.707107,0.707107,0,-0.707107,0.707107,0,-0.707107,0.707107,0,-0.707107,0.707107,0,0,1,0,0,1,0,0,1,0,0,1,0,0.707107,0.707107,0,0.707107,0.707107,0,0.707107,0.707107,0,0.707107,0.707107,0,0,1,0,0,1,0,0,1,0,0,1,0,1,0,0,1,0,0,1,0,0,1,0,0,0.707107,-0.707107,0,0.707107,-0.707107,0,0.707107,-0.707107,0,0.707107,-0.707107,0,0,-1,0,0,-1,0,0,-1,0,0,-1,0,-0.707107,-0.707107,0,-0.707107,-0.707107,0,-0.707107,-0.707107,0,-0.707107,-0.707107]},"texCoord0":{"type":"float32","components":2,"data":[-0.249634,0,-0.249634,0.666667,-0.749878,0,0.000488281,0.166667,0.000488281,0.5,-1,0.166667,-0.749878,1,-0.249634,1,-1,0.833333,1.11022e-16,0.833333,-0.750366,0.666667,1.11022e-16,0.166667,-0.250122,0,-0.750366,0,-0.250122,1,-0.750366,1,-1.00049,0.166667,-1.00049,0.5,-0.0500244,0.166667,-0.0500244,-0.166667,0.0500244,-0.166667,0.0500244,0.166667,0.0500244,-0.117851,0.0500244,0.117851,-0.0500244,0.117851,-0.0500244,-0.117851,0.0500244,-0.166667,0.0500244,0.166667,-0.0500244,0.166667,-0.0500244,-0.166667,0.0500244,-0.117851,-0.0500244,0.117851,-0.0500244,-0.117851,0.0500244,0.117851,0.0500244,0.333333,0.0500244,0.666667,-0.0500244,0.666667,-0.0500244,0.333333,0.0500244,-0.166667,-0.0500244,0.166667,-0.0500244,-0.166667,0.0500244,0.166667,-0.0500244,0.353553,0.0500244,0.117851,0.0500244,0.353553,-0.0500244,0.117851,-0.0500244,0.5,-0.0500244,-0.166667,0.0500244,-0.166667,0.0500244,0.5,-0.0500244,0.117851,-0.0500244,-0.117851,0.0500244,-0.117851,0.0500244,0.117851]}}],"meshes":[{"aabb":{"min":[-0.05,-0.5,-0.5],"max":[0.05,1,0.5]},"vertices":0,"indices":[0,1,2,1,3,4,1,0,3,1,5,2,6,1,7,8,1,6,5,1,8],"type":"triangles","base":0,"count":21},{"aabb":{"min":[-0.05,-0.5,-0.5],"max":[0.05,1,0.5]},"vertices":0,"indices":[9,10,11,10,12,11,12,10,13,14,10,9,10,14,15,10,16,13,16,10,17],"type":"triangles","base":0,"count":21},{"aabb":{"min":[-0.05,-0.5,-0.5],"max":[0.05,1,0.5]},"vertices":0,"indices":[18,19,20,20,21,18,22,23,24,24,25,22,42,43,44,43,42,45,46,47,48,48,49,46,50,51,52,52,53,50],"type":"triangles","base":0,"count":30},{"aabb":{"min":[-0.05,-0.5,-0.5],"max":[0.05,1,0.5]},"vertices":0,"indices":[26,27,28,28,29,26,30,31,32,31,30,33,34,35,36,36,37,34],"type":"triangles","base":0,"count":18},{"aabb":{"min":[-0.05,-0.5,-0.5],"max":[0.05,1,0.5]},"vertices":0,"indices":[38,39,40,39,38,41],"type":"triangles","base":0,"count":6}],"meshInstances":[{"node":2,"mesh":0},{"node":2,"mesh":1},{"node":2,"mesh":2},{"node":2,"mesh":3},{"node":2,"mesh":4}]}}