{"model":{"version":3,"nodes":[{"name":"RootNode","position":[0,0,0],"rotation":[0,0,0],"scale":[0.01,0.01,0.01],"scaleCompensation":false},{"name":"Model","position":[0,0,0],"rotation":[0,0,0],"scale":[1,1,1],"scaleCompensation":false},{"name":"Mesh1","position":[0,0,0],"rotation":[0,0,0],"scale":[1,1,1],"scaleCompensation":false}],"parents":[-1,0,1],"skins":[],"morphs":[],"vertices":[{"position":{"type":"float32","components":3,"data":[1.0625,1.5,-1.96117,1.0625,0,-1.96117,1.07014,1.5,-1.95418,1.07014,0,-1.95418,1.05458,1.5,-1.96842,1.05458,0,-1.96842,1.03756,1.5,-1.9809,1.03756,0,-1.9809,1.05458,1.5,-1.96842,1.05458,0,-1.96842,1.03125,1.5,-1.98456,1.03125,0,-1.98456,1.03756,1.5,-1.9809,1.03756,0,-1.9809,1.0193,1.5,-1.99147,1.0193,0,-1.99147,1,1.5,-2,1,0,-2,1.0193,1.5,-1.99147,1.0193,0,-1.99147,1.125,1.5,-1.8,1.125,0,-1.83221,1.125,0,-1.8,1.125,1.5,-1.83221,1.125,1.5,-1.83221,1.12429,0,-1.84213,1.125,0,-1.83221,1.12429,1.5,-1.84213,1.12429,1.5,-1.84213,1.12053,0,-1.86289,1.12429,0,-1.84213,1.12053,1.5,-1.86289,1.12053,1.5,-1.86289,1.11455,0,-1.88313,1.12053,0,-1.86289,1.11455,1.5,-1.88313,1.11455,1.5,-1.88313,1.10641,0,-1.9026,1.11455,0,-1.88313,1.10641,1.5,-1.9026,1.10641,1.5,-1.9026,1.09621,0,-1.92107,1.10641,0,-1.9026,1.09621,1.5,-1.92107,1.09621,1.5,-1.92107,1.08407,0,-1.93833,1.09621,0,-1.92107,1.08407,1.5,-1.93833,1.08407,1.5,-1.93833,1.07014,0,-1.95418,1.08407,0,-1.93833,1.07014,1.5,-1.95418,-1.09621,0,-1.92107,-1.09621,1.5,-1.92107,-1.10641,0,-1.9026,-1.10641,1.5,-1.9026,-1.03125,1.5,-1.98456,-1.03125,0,-1.98456,-1.0193,1.5,-1.99147,-1.0193,0,-1.99147,-1.10641,0,-1.9026,-1.10641,1.5,-1.9026,-1.11455,0,-1.88313,-1.11455,1.5,-1.88313,-1.03756,1.5,-1.9809,-1.03756,0,-1.9809,-1.12429,0,-1.84213,-1.12429,1.5,-1.84213,-1.125,0,-1.83221,-1.125,1.5,-1.83221,-1.0625,1.5,-1.96117,-1.0625,0,-1.96117,-1.05458,1.5,-1.96842,-1.05458,0,-1.96842,-1.0193,1.5,-1.99147,-1.0193,0,-1.99147,-1,1.5,-2,-1,0,-2,-1.12053,0,-1.86289,-1.12053,1.5,-1.86289,-1.12429,0,-1.84213,-1.12429,1.5,-1.84213,-1.07014,0,-1.95418,-1.07014,1.5,-1.95418,-1.08407,0,-1.93833,-1.08407,1.5,-1.93833,-1.07014,1.5,-1.95418,-1.07014,0,-1.95418,-1.11455,0,-1.88313,-1.11455,1.5,-1.88313,-1.12053,0,-1.86289,-1.12053,1.5,-1.86289,-1.05458,1.5,-1.96842,-1.05458,0,-1.96842,-1.03756,1.5,-1.9809,-1.03756,0,-1.9809,-1.08407,0,-1.93833,-1.08407,1.5,-1.93833,-1.09621,0,-1.92107,-1.09621,1.5,-1.92107,-1.125,0,-1.83221,-1.125,1.5,-1.83221,-1.125,0,-1.8,-1.125,1.5,-1.8,-1.125,1.5,-1.83221,-1.11455,1.5,-1.88313,-0.9,1.5,-2,1.03125,1.5,-1.98456,1,1.5,-2,1.0193,1.5,-1.99147,1.0625,1.5,-1.96117,1.125,1.5,-1.83221,-1.125,1.5,-1.8,1.125,1.5,-1.8,-1.03125,1.5,-1.98456,-1.05458,1.5,-1.96842,-1.03756,1.5,-1.9809,-1.08407,1.5,-1.93833,-1.0625,1.5,-1.96117,-1.0193,1.5,-1.99147,-1,1.5,-2,1.10641,1.5,-1.9026,1.05458,1.5,-1.96842,1.03756,1.5,-1.9809,1.08407,1.5,-1.93833,1.09621,1.5,-1.92107,1.07014,1.5,-1.95418,1.11455,1.5,-1.88313,1.12053,1.5,-1.86289,1.12429,1.5,-1.84213,-1.12053,1.5,-1.86289,-1.12429,1.5,-1.84213,-1.10641,1.5,-1.9026,-1.09621,1.5,-1.92107,-1.07014,1.5,-1.95418,-1.125,0,-1.8,1.125,0,-1.8,-0.56,0,-2,-1.125,0,-1.83221,-1.03125,0,-1.98456,-1.0625,0,-1.96117,-1,0,-2,1,0,-2,1.125,0,-1.83221,1.03125,0,-1.98456,1.10641,0,-1.9026,1.0625,0,-1.96117,-1.0193,0,-1.99147,-1.05458,0,-1.96842,-1.03756,0,-1.9809,-1.09621,0,-1.92107,-1.10641,0,-1.9026,-1.08407,0,-1.93833,-1.07014,0,-1.95418,-1.11455,0,-1.88313,-1.12053,0,-1.86289,-1.12429,0,-1.84213,1.12053,0,-1.86289,1.11455,0,-1.88313,1.12429,0,-1.84213,1.09621,0,-1.92107,1.08407,0,-1.93833,1.07014,0,-1.95418,1.05458,0,-1.96842,1.03756,0,-1.9809,1.0193,0,-1.99147]},"normal":{"type":"float32","components":3,"data":[-0.675222,0,0.737615,-0.675222,0,0.737615,-0.71418,0,0.699962,-0.71418,0,0.699962,-0.634282,0,0.773102,-0.634282,0,0.773102,-0.546942,0,0.837171,-0.546942,0,0.837171,-0.634282,0,0.773102,-0.634282,0,0.773102,-0.500798,0,0.865564,-0.500798,0,0.865564,-0.546942,0,0.837171,-0.546942,0,0.837171,-0.453184,0,0.891417,-0.453184,0,0.891417,-0.40424,0,0.914653,-0.40424,0,0.914653,-0.453184,0,0.891417,-0.453184,0,0.891417,-1,0,0,-0.999371,0,0.0354541,-1,0,0,-0.999371,0,0.0354541,-0.999371,0,0.0354541,-0.992184,0,0.124783,-0.999371,0,0.0354541,-0.992184,0,0.124783,-0.992184,0,0.124783,-0.972867,0,0.231366,-0.992184,0,0.124783,-0.972867,0,0.231366,-0.972867,0,0.231366,-0.942135,0,0.335235,-0.972867,0,0.231366,-0.942135,0,0.335235,-0.942135,0,0.335235,-0.900348,0,0.43517,-0.942135,0,0.335235,-0.900348,0,0.43517,-0.900348,0,0.43517,-0.847998,0,0.529999,-0.900348,0,0.43517,-0.847998,0,0.529999,-0.847998,0,0.529999,-0.785699,0,0.61861,-0.847998,0,0.529999,-0.785699,0,0.61861,-0.785699,0,0.61861,-0.71418,0,0.699962,-0.785699,0,0.61861,-0.71418,0,0.699962,0.847998,0,0.529999,0.847998,0,0.529999,0.900348,0,0.43517,0.900348,0,0.43517,0.500798,0,0.865564,0.500798,0,0.865564,0.453184,-1.3018e-19,0.891417,0.453184,-1.3018e-19,0.891417,0.900348,0,0.43517,0.900348,0,0.43517,0.942135,0,0.335235,0.942135,0,0.335235,0.546942,0,0.837171,0.546942,0,0.837171,0.992184,0,0.124783,0.992184,0,0.124783,0.999371,0,0.0354541,0.999371,0,0.0354541,0.675222,0,0.737615,0.675222,0,0.737615,0.634282,0,0.773102,0.634282,0,0.773102,0.453184,-1.3018e-19,0.891417,0.453184,-1.3018e-19,0.891417,0.40424,-2.59978e-19,0.914653,0.40424,-2.59978e-19,0.914653,0.972867,0,0.231366,0.972867,0,0.231366,0.992184,0,0.124783,0.992184,0,0.124783,0.71418,0,0.699962,0.71418,0,0.699962,0.785699,0,0.61861,0.785699,0,0.61861,0.71418,0,0.699962,0.71418,0,0.699962,0.942135,0,0.335235,0.942135,0,0.335235,0.972867,0,0.231366,0.972867,0,0.231366,0.634282,0,0.773102,0.634282,0,0.773102,0.546942,0,0.837171,0.546942,0,0.837171,0.785699,0,0.61861,0.785699,0,0.61861,0.847998,0,0.529999,0.847998,0,0.529999,0.999371,0,0.0354541,0.999371,0,0.0354541,1,0,0,1,0,0,-6.91426e-17,-1,2.36992e-17,-6.91426e-17,-1,2.36992e-17,-6.91426e-17,-1,2.36992e-17,-6.91426e-17,-1,2.36992e-17,-6.91426e-17,-1,2.36992e-17,-6.91426e-17,-1,2.36992e-17,-6.91426e-17,-1,2.36992e-17,-6.91426e-17,-1,2.36992e-17,-6.91426e-17,-1,2.36992e-17,-6.91426e-17,-1,2.36992e-17,-6.91426e-17,-1,2.36992e-17,-6.91426e-17,-1,2.36992e-17,-6.91426e-17,-1,2.36992e-17,-6.91426e-17,-1,2.36992e-17,-6.91426e-17,-1,2.36992e-17,-6.91426e-17,-1,2.36992e-17,-6.91426e-17,-1,2.36992e-17,-6.91426e-17,-1,2.36992e-17,-6.91426e-17,-1,2.36992e-17,-6.91426e-17,-1,2.36992e-17,-6.91426e-17,-1,2.36992e-17,-6.91426e-17,-1,2.36992e-17,-6.91426e-17,-1,2.36992e-17,-6.91426e-17,-1,2.36992e-17,-6.91426e-17,-1,2.36992e-17,-6.91426e-17,-1,2.36992e-17,-6.91426e-17,-1,2.36992e-17,-6.91426e-17,-1,2.36992e-17,-6.91426e-17,-1,2.36992e-17,-6.91426e-17,-1,2.36992e-17,-6.91426e-17,-1,2.36992e-17,0,1,0,0,1,0,0,1,0,0,1,0,0,1,0,0,1,0,0,1,0,0,1,0,0,1,0,0,1,0,0,1,0,0,1,0,0,1,0,0,1,0,0,1,0,0,1,0,0,1,0,0,1,0,0,1,0,0,1,0,0,1,0,0,1,0,0,1,0,0,1,0,0,1,0,0,1,0,0,1,0,0,1,0,0,1,0,0,1,0,0,1,0]},"texCoord0":{"type":"float32","components":2,