{"model":{"version":3,"nodes":[{"name":"RootNode","position":[0,0,0],"rotation":[0,0,0],"scale":[0.01,0.01,0.01],"scaleCompensation":false},{"name":"Model","position":[0,0,0],"rotation":[0,0,0],"scale":[1,1,1],"scaleCompensation":false},{"name":"Mesh1","position":[0,0,0],"rotation":[0,0,0],"scale":[1,1,1],"scaleCompensation":false}],"parents":[-1,0,1],"skins":[],"morphs":[],"vertices":[{"position":{"type":"float32","components":3,"data":[1.8,0,1.8,-1.8,0,1,-1.8,0,1.8,1,0,-1.8,-1.8,0,-1,-2,0,1,1.8,0,-1.8,-2,0,-1,-1,0,-1.8,-1.8,0,-1.8,-1,0,-2,1,0,-2,-1.8,2,1.8,-1.8,2,-1.8,1.8,2,1.8,1.8,2,-1.8,-1,1.5,-1.8,-1,0,-1.8,-1,0,-2,-1,1.5,-2,-1.8,0,1.8,1.8,2,1.8,1.8,0,1.8,-1.8,2,1.8,1,1.5,-1.8,-1,1.5,-1.8,-1,1.5,-2,1,1.5,-2,1.8,2,-1.8,-1,1.5,-1.8,1,1.5,-1.8,1.8,0,-1.8,-1.8,0,-1.8,-1.8,2,-1.8,1,0,-1.8,-1,0,-1.8,1,0,-1.8,1,1.5,-1.8,1,1.5,-2,1,0,-2,1.75,0.452848,0.943007,1.8,0.452848,-0.943007,1.8,0.452848,0.943007,1.75,0.452848,-0.943007,1.75,1.54715,0.943007,1.8,0.452848,0.943007,1.8,1.54715,0.943007,1.75,0.452848,0.943007,1.75,0.5,0.9,1.75,1.5,0.9,2,0.5,0.9,2,1.5,0.9,1.75,1.54715,0.943007,1.75,1.5,0.9,1.75,0.452848,0.943007,1.75,1.54715,-0.943007,1.75,1.5,-0.9,1.75,0.5,-0.9,1.75,0.5,0.9,1.75,0.452848,-0.943007,1.75,0.452848,-0.943007,1.8,1.54715,-0.943007,1.8,0.452848,-0.943007,1.75,1.54715,-0.943007,1.75,1.5,-0.9,1.75,0.5,-0.9,2,1.5,-0.9,2,0.5,-0.9,1.8,2,1.8,1.8,1.54715,0.943007,1.8,0,1.8,1.8,2,-1.8,1.8,1.54715,-0.943007,1.8,0.452848,-0.943007,1.8,0.452848,0.943007,1.8,0,-1.8,2,0.5,0.9,2,0.5,-0.9,1.75,0.5,0.9,1.75,0.5,-0.9,1.75,1.54715,-0.943007,1.75,1.54715,0.943007,1.8,1.54715,0.943007,1.8,1.54715,-0.943007,1.75,1.5,0.9,1.75,1.5,-0.9,2,1.5,0.9,2,1.5,-0.9,2,1.5,0.9,2,0.5,-0.9,2,0.5,0.9,2,1.5,-0.9,-1.8,1.5,1,-1.8,0,1,-2,0,1,-2,1.5,1,-1.8,0,-1,-1.8,1.5,-1,-2,1.5,-1,-2,0,-1,-1.8,1.5,-1,-1.8,1.5,1,-2,1.5,1,-2,1.5,-1,-1.8,2,1.8,-1.8,1.5,-1,-1.8,2,-1.8,-1.8,0,-1.8,-1.8,0,1.8,-1.8,1.5,1,-1.8,0,-1,-1.8,0,1]},"normal":{"type":"float32","components":3,"data":[0,1,0,0,1,0,0,1,0,0,1,0,0,1,0,0,1,0,0,1,0,0,1,0,0,1,0,0,1,0,0,1,0,0,1,0,0,-1,0,0,-1,0,0,-1,0,0,-1,0,1,0,0,1,0,0,1,0,0,1,0,0,0,0,-1,0,0,-1,0,0,-1,0,0,-1,0,-1,0,0,-1,0,0,-1,0,0,-1,0,0,0,1,0,0,1,0,0,1,0,0,1,0,0,1,0,0,1,0,0,1,0,0,1,-1,0,0,-1,0,0,-1,0,0,-1,0,0,0,-1,0,0,-1,0,0,-1,0,0,-1,0,0,0,1,0,0,1,0,0,1,0,0,1,0,0,-1,0,0,-1,0,0,-1,0,0,-1,-1,0,0,-1,0,0,-1,0,0,-1,0,0,-1,0,0,-1,0,0,-1,0,0,-1,0,0,0,0,-1,0,0,-1,0,0,-1,0,0,-1,0,0,1,0,0,1,0,0,1,0,0,1,-1,0,0,-1,0,0,-1,0,0,-1,0,0,-1,0,0,-1,0,0,-1,0,0,-1,0,0,0,1,0,0,1,0,0,1,0,0,1,0,0,1,0,0,1,0,0,1,0,0,1,0,0,-1,0,0,-1,0,0,-1,0,0,-1,0,-1,0,0,-1,0,0,-1,0,0,-1,0,0,0,0,-1,0,0,-1,0,0,-1,0,0,-1,9.02389e-16,0,1,9.02389e-16,0,1,9.02389e-16,0,1,9.02389e-16,0,1,0,-1,0,0,-1,0,0,-1,0,0,-1,0,1,1.41551e-17,-4.25655e-17,1,1.41551e-17,-4.25655e-17,1,1.41551e-17,-4.25655e-17,1,1.41551e-17,-4.25655e-17,1,1.41551e-17,-4.25655e-17,1,1.41551e-17,-4.25655e-17,1,1.41551e-17,-4.25655e-17,1,1.41551e-17,-4.25655e-17]},"texCoord0":{"type":"float32","components":2,"data":[0.25,-2.25,-8.75,-0.25,-8.75,-2.25,-1.75,6.75,-8.75,4.75,-9.25,-0.25,0.25,6.75,-9.25,4.75,-6.75,6.75,-8.75,6.75,-6.75,7.25,-1.75,7.25,5.00971,-2.97087,5.00971,4.01942,-1.98058,-2.97087,-1.98058,4.01942,4.5,3.75,4.5,0,5,0,5,3.75,4.5,0,-4.5,5,-4.5,0,4.5,5,-1.94175,3.49515,1.94175,3.49515,1.94175,3.8835,-1.94175,3.8835,4.5,5,-2.5,3.75,2.5,3.75,4.5,0,-4.5,0,-4.5,5,2.5,0,-2.5,0,-4.5,0,-4.5,3.75,-5,3.75,-5,0,2.87073,-1.54693,2.95276,1.54693,2.95276,-1.54693,2.87073,1.54693,-2.87073,2.53798,-2.95276,0.742861,-2.95276,2.53798,-2.87073,0.742861,2.87073,0.82021,2.87073,2.46063,3.28084,0.82021,3.28084,2.46063,-1.54693,2.53798,-1.47638,2.46063,-1.54693,0.742861,1.54693,2.53798,1.47638,2.46063,1.47638,0.82021,-1.47638,0.82021,1.54693,0.742861,2.87073,0.742861,2.95276,2.53798,2.95276,0.742861,2.87073,2.53798,-2.87073,2.46063,-2.87073,0.82021,-3.28084,2.46063,-3.28084,0.82021,-4.5,5,-2.35752,3.86788,-4.5,0,4.5,5,2.35752,3.86788,2.35752,1.13212,-2.35752,1.13212,4.5,0,-3.28084,-1.47638,-3.28084,1.47638,-2.87073,-1.47638,-2.87073,1.47638,-2.87073,1.54693,-2.87073,-1.54693,-2.95276,-1.54693,-2.95276,1.54693,2.87073,-1.47638,2.87073,1.47638,3.28084,-1.47638,3.28084,1.47638,-3.25295,4.92126,3.25295,1.64042,-3.25295,1.64042,3.25295,4.92126,4.5,3.75,4.5,0,5,0,5,3.75,-4.5,0,-4.5,3.75,-5,3.75,-5,0,-1.94175,3.49515,1.94175,3.49515,1.94175,3.8835,-1.94175,3.8835,-4.5,5,2.5,3.75,4.5,5,4.5,6.36981e-17,-4.5,6.36981e-17,-2.5,3.75,2.5,6.36981e-17,-2.5,6.36981e-17]}}],"meshes":[{"aabb":{"min":[-2,0,-2],"max":[2,2,1.8]},"vertices":0,"indices":[0,1,2,3,1,0,1,4,5,3,0,6,5,4,7,1,3,4,8,9,4,10,3,11,4,3,8,3,10,8],"type":"triangles","base":0,"count":30},{"aabb":{"min":[-2,0,-2],"max":[2,2,1.8]},"vertices":0,"indices":[12,13,14,14,13,15,24,25,26,24,26,27,100,101,102,102,103,100],"type":"triangles","base":0,"count":18},{"aabb":{"min":[-2,0,-2],"max":[2,2,1.8]},"vertices":0,"indices":[16,17,18,16,18,19,20,21,22,21,20,23,28,29,30,30,31,28,32,29,33,28,33,29,31,30,34,29,32,35,36,37,38,36,38,39,68,69,70,69,68,71,69,71,72,72,71,73,70,74,75,74,70,69,75,74,73,75,73,71,92,93,94,94,95,92,96,97,98,98,99,96,104,105,106,105,107,106,108,109,104,107,105,110,105,104,109,109,108,111],"type":"triangles","base":0,"count":90},{"aabb":{"min":[-2,0,-2],"max":[2,2,1.8]},"vertices":0,"indices":[40,41,42,41,40,43,44,45,46,45,44,47,48,49,50,50,49,51,52,53,54,53,52,55,53,55,56,56,55,57,54,58,59,58,54,53,59,58,57,59,57,55,60,61,62,61,60,63,64,65,66,66,65,67,76,77,78,78,77,79,80,81,82,82,83,80,84,85,86,86,85,87],"type":"triangles","base":0,"count":72},{"aabb":{"min":[-2,0,-2],"max":[2,2,1.8]},"vertices":0,"indices":[88,89,90,89,88,91],"type":"triangles","base":0,"count":6}],"meshInstances":[{"node":2,"mesh":0},{"node":2,"mesh":1},{"node":2,"mesh":2},{"node":2,"mesh":3},{"node":2,"mesh":4}]}}