{"model":{"version":3,"nodes":[{"name":"RootNode","position":[0,0,0],"rotation":[0,0,0],"scale":[0.01,0.01,0.01],"scaleCompensation":false},{"name":"Model","position":[0,0,0],"rotation":[0,0,0],"scale":[1,1,1],"scaleCompensation":false},{"name":"Mesh1","position":[0,0,0],"rotation":[0,0,0],"scale":[1,1,1],"scaleCompensation":false}],"parents":[-1,0,1],"skins":[],"morphs":[],"vertices":[{"position":{"type":"float32","components":3,"data":[-0.47005,1.10625,0.05,-0.9601,1.10625,0.05,-0.9601,0.36875,0.05,-0.47005,0.36875,0.05,0.51005,1.10625,0.05,1.0001,1.10625,0.1,0.51005,1.10625,0.1,1.0001,1.10625,0.05,0.51005,1.10625,0.05,0.51005,0.36875,0.05,1.0001,1.10625,0.05,1.0001,0.36875,0.05,-0.9601,1.10625,0.1,-0.47005,1.10625,0.05,-0.47005,1.10625,0.1,-0.9601,1.10625,0.05,0.51005,1.10625,0.1,0.51005,0.36875,0.1,0.51005,0.36875,0.05,0.51005,1.10625,0.05,1.0001,0.36875,0.1,0.51005,0.36875,0.05,0.51005,0.36875,0.1,1.0001,0.36875,0.05,-0.47005,0.36875,0.1,-0.47005,1.10625,0.1,-0.47005,1.10625,0.05,-0.47005,0.36875,0.05,-0.9601,0.36875,0.1,-0.47005,0.36875,0.1,-0.47005,0.36875,0.05,-0.9601,0.36875,0.05,-2.25597e-17,0,0.1,-0.48005,-0.15,-1.12799e-17,-0.240025,-0.15,-1.12799e-17,-0.720075,0,0.1,0.750075,0,0.1,-2.25597e-17,0,0.1,0.50005,-0.15,0,0.250025,-0.15,0,-0.9601,-0.15,0.1,-0.720075,0,0.1,-0.9601,0.36875,0.1,-0.720075,-0.15,0.1,1.0001,1.475,0.1,-0.9601,1.475,0.1,0.51005,1.10625,0.1,0.750075,0,0.1,1.0001,-0.15,0.1,1.0001,0.36875,0.1,-0.47005,0.36875,0.1,-2.25597e-17,0,0.1,0.51005,0.36875,0.1,-0.47005,1.10625,0.1,-0.9601,1.10625,0.1,1.0001,1.10625,0.1,0.750075,-0.15,0.1,1.0001,0.36875,-0.05,0.51005,0.36875,-0.1,0.51005,0.36875,-0.05,1.0001,0.36875,-0.1,1.0001,-0.15,0.1,0.750075,-0.15,0.1,0.750075,-0.15,-0.1,1.0001,-0.15,-0.1,-0.720075,-0.15,0.1,-0.9601,-0.15,0.1,-0.9601,-0.15,-0.1,-0.720075,-0.15,-0.1,-0.48005,-0.15,-1.12799e-17,0,0,-0.1,-0.240025,-0.15,-1.12799e-17,-0.720075,0,-0.1,0.50005,-0.15,0,0,0,-0.1,0.750075,0,-0.1,0.250025,-0.15,0,1.0001,1.10625,-0.05,0.51005,1.10625,-0.05,0.51005,1.10625,-0.1,1.0001,1.10625,-0.1,-0.9601,1.475,-0.1,0.51005,1.10625,-0.1,-0.47005,1.10625,-0.1,1.0001,1.475,-0.1,1.0001,-0.15,-0.1,0.750075,0,-0.1,1.0001,0.36875,-0.1,-0.9601,0.36875,-0.1,-0.720075,0,-0.1,-0.9601,-0.15,-0.1,0.51005,0.36875,-0.1,-0.47005,0.36875,-0.1,0.750075,-0.15,-0.1,0,0,-0.1,-0.720075,-0.15,-0.1,-0.9601,1.10625,-0.1,1.0001,1.10625,-0.1,1.0001,0.36875,-0.05,0.51005,0.36875,-0.05,0.51005,1.10625,-0.05,1.0001,1.10625,-0.05,0.51005,1.10625,-0.05,0.51005,0.36875,-0.05,0.51005,0.36875,-0.1,0.51005,1.10625,-0.1,-0.9601,1.10625,-0.05,-0.47005,0.36875,-0.05,-0.9601,0.36875,-0.05,-0.47005,1.10625,-0.05,-0.9601,1.10625,-0.05,-0.47005,1.10625,-0.1,-0.47005,1.10625,-0.05,-0.9601,1.10625,-0.1,-0.9601,0.36875,-0.05,-0.47005,0.36875,-0.05,-0.47005,0.36875,-0.1,-0.9601,0.36875,-0.1,-0.47005,1.10625,-0.1,-0.47005,0.36875,-0.05,-0.47005,1.10625,-0.05,-0.47005,0.36875,-0.1,-0.720075,0,0.1,-0.720075,0,-0.1,-0.48005,-0.15,-1.12799e-17,-0.720075,-0.15,0.1,-0.720075,0,-0.1,-0.720075,0,0.1,-0.720075,-0.15,-0.1,0.750075,0,-0.1,0.750075,0,0.1,0.50005,-0.15,0,0.750075,0,0.1,0,0,-0.1,-2.25597e-17,0,0.1,0.750075,0,-0.1,0.750075,-0.15,0.1,0.750075,0,0.1,0.750075,-0.15,-0.1,0.750075,0,-0.1,-0.720075,0,-0.1,-0.720075,0,0.1,0,0,-0.1,-2.25597e-17,0,0.1,-0.240025,-0.15,-1.12799e-17,-2.25597e-17,0,0.1,0,0,-0.1,0.250025,-0.15,0]},"normal":{"type":"float32","components":3,"data":[0,0,1,0,0,1,0,0,1,0,0,1,0,-1,0,0,-1,0,0,-1,0,0,-1,0,0,0,1,0,0,1,0,0,1,0,0,1,0,-1,0,0,-1,0,0,-1,0,0,-1,0,1,0,0,1,0,0,1,0,0,1,0,0,0,1,0,0,1,0,0,1,0,0,1,0,-1,0,0,-1,0,0,-1,0,0,-1,0,0,0,1,0,0,1,0,0,1,0,0,1,0,3.31028e-18,-0.5547,0.83205,3.31028e-18,-0.5547,0.83205,3.31028e-18,-0.5547,0.83205,3.31028e-18,-0.5547,0.83205,5.08463e-18,-0.5547,0.83205,5.08463e-18,-0.5547,0.83205,5.08463e-18,-0.5547,0.83205,5.08463e-18,-0.5547,0.83205,0,0,1,0,0,1,0,0,1,0,0,1,0,0,1,0,0,1,0,0,1,0,0,1,0,0,1,0,0,1,0,0,1,0,0,1,0,0,1,0,0,1,0,0,1,0,0,1,0,0,1,0,1,0,0,1,0,0,1,0,0,1,0,0,-1,0,0,-1,0,0,-1,0,0,-1,0,0,-1,0,0,-1,0,0,-1,0,0,-1,0,4.4137e-18,-0.5547,-0.83205,4.4137e-18,-0.5547,-0.83205,4.4137e-18,-0.5547,-0.83205,4.4137e-18,-0.5547,-0.83205,-6.10155e-18,-0.5547,-0.83205,-6.10155e-18,-0.5547,-0.83205,-6.10155e-18,-0.5547,-0.83205,-6.10155e-18,-0.5547,-0.83205,0,-1,0,0,-1,0,0,-1,0,0,-1,0,0,0,-1,0,0,-1,0,0,-1,0,0,-1,0,0,-1,0,0,-1,0,0,-1,0,0,-1,0,0,-1,0,0,-1,0,0,-1,0,0,-1,0,0,-1,0,0,-1,0,0,-1,0,0,-1,0,0,-1,0,0,-1,0,0,-1,0,0,-1,0,0,-1,1,0,0,1,0,0,1,0,0,1,0,0,0,0,-1,0,0,-1,0,0,-1,0,0,-1,0,-1,0,0,-1,0,0,-1,0,0,-1,0,0,1,0,0,1,0,0,1,0,0,1,0,-1,0,0,-1,0,0,-1,0,0,-1,0,0,-0.529959,-0.848023,-1.2142e-17,-0.529959,-0.848023,-1.2142e-17,-0.529959,-0.848023,-1.2142e-17,1,0,0,1,0,0,1,0,0,1,0,0,0.514458,-0.857516,-4.52011e-16,0.514458,-0.857516,-4.52011e-16,0.514458,-0.857516,-4.52011e-16,0,1,0,0,1,0,0,1,0,0,1,0,-1,-2.00531e-16,9.02389e-16,-1,-2.00531e-16,9.02389e-16,-1,-2.00531e-16,9.02389e-16,-1,-2.00531e-16,9.02389e-16,0,1,0,0,1,0,0.529959,-0.848023,4.85932e-17,0.529959,-0.848023,4.85932e-17,0.529959,-0.848023,4.85932e-17,-0.514458,-0.857516,-3.93009e-17,-0.514458,-0.857516,-3.93009e-17,-0.514458,-0.857516,-3.93009e-17]},"texCoord0":{"type":"float32","components":2,"data":[-0.9401,2.2125,-1.9202,2.2125,-1.9202,0.7375,-0.9401,0.7375,-1,-1,-2,8.801,-2,-1,-1,8.801,1.0201,2.2125,1.0201,0.7375,2.0002,2.2125,2.0002,0.7375,2,8.801,1,-1,2,-1,1,8.801,-0.999997,15.75,-1,1,1.11022e-16,1,3.29688e-06,15.75,1,-10.801,2,-1,1,-1,2,-10.801,1,-8.88178e-16,1,14.75,-2.19792e-07,14.75,-2.22045e-16,-8.88178e-16,-1,-1,-1,8.801,-2,8.801,-2,-1,-5.99415e-17,0.138675,-1.25339,-0.312019,-0.626697,-0.312019,-1.88009,0.138675,1.95842,0.138675,-6.04982e-17,0.138675,1.30561,-0.312019,0.652807,-0.312019,-1.9202,-0.3,-1.44015,0,-1.9202,0.7375,-1.44015,-0.3,2.0002,2.95,-1.9202,2.95,1.0201,2.2125,1.50015,0,2.0002,-0.3,2.0002,0.7375,-0.9401,0.7375,-4.51195e-17,0,1.0201,0.7375,-0.9401,2.2125,-1.9202,2.2125,2.0002,2.2125,1.50015,-0.3,2,-10.801,1,-1,2,-1,1,-10.801,-2.61123,-0.25,-1.95842,-0.25,-1.95842,0.25,-2.61123,0.25,1.88009,-0.25,2.50679,-0.25,2.50679,0.25,1.88009,0.25,1.25339,-0.312019,1.38502e-18,0.138675,0.626697,-0.312019,1.88009,0.138675,-1.30561,-0.312019,-1.91466e-18,0.138675,-1.95842,0.138675,-0.652807,-0.312019,-1,8.801,-1,-1,-2,-1,-2,8.801,-1.9202,2.95,1.0201,2.2125,-0.9401,2.2125,2.0002,2.95,2.0002,-0.3,1.50015,0,2.0002,0.7375,-1.9202,0.7375,-1.44015,0,-1.9202,-0.3,1.0201,0.7375,-0.9401,0.7375,1.50015,-0.3,0,0,-1.44015,-0.3,-1.9202,2.2125,2.0002,2.2125,2.0002,0.7375,1.0201,0.7375,1.0201,2.2125,2.0002,2.2125,3.29688e-06,15.75,-1.11022e-16,1,-1,1,-0.999997,15.75,-1.9202,2.2125,-0.9401,0.7375,-1.9202,0.7375,-0.9401,2.2125,1,8.801,2,-1,1,-1,2,8.801,-2,-1,-2,8.801,-1,8.801,-1,-1,1,14.75,1.11022e-16,-1.77636e-15,-2.19792e-07,14.75,1,-1.77636e-15,0.261097,1.5266,-0.261097,1.5266,-7.34659e-19,0.818999,-0.2,-0.3,0.2,0,-0.2,0,0.2,-0.3,0.261097,1.608,-0.261097,1.608,-1.14713e-15,0.87908,29.5305,-3.93701,0,3.93701,-8.88178e-16,-3.93701,29.5305,3.93701,0.261097,-0.375,0.261097,-3.76033e-16,-0.261097,-0.375,-0.261097,-3.76033e-16,-28.3494,3.93701,-28.3494,-3.93701,0.261097,-1.94393e-17,-0.261097,-2.83886e-17,-2.8012e-17,-0.707602,0.261097,3.19863e-17,-0.261097,1.6377e-17,-4.98697e-17,-0.728923]}}],"meshes":[{"aabb":{"min":[-0.9601,-0.15,-0.1],"max":[1.0001,1.475,0.1]},"vertices":0,"indices":[0,1,2,0,2,3,8,9,10,10,9,11,40,41,42,41,40,43,44,45,46,47,48,49,50,51,52,47,49,52,53,45,54,52,53,50,44,46,55,45,53,46,53,52,46,41,51,50,50,42,41,47,56,48,47,52,51,81,82,83,82,81,84,85,86,87,88,89,90,91,92,82,82,92,83,86,85,93,92,89,88,89,92,94,90,89,95,96,81,83,92,91,94,82,84,97,91,87,86,86,94,91,98,99,100,98,100,101,106,107,108,107,106,109,125,126,127,126,125,128],"type":"triangles","base":0,"count":120},{"aabb":{"min":[-0.9601,-0.15,-0.1],"max":[1.0001,1.475,0.1]},"vertices":0,