{"model":{"version":3,"nodes":[{"name":"RootNode","position":[0,0,0],"rotation":[0,0,0],"scale":[0.01,0.01,0.01],"scaleCompensation":false},{"name":"Model","position":[0,0,0],"rotation":[0,0,0],"scale":[1,1,1],"scaleCompensation":false},{"name":"Mesh1","position":[0,0,0],"rotation":[0,0,0],"scale":[1,1,1],"scaleCompensation":false}],"parents":[-1,0,1],"skins":[],"morphs":[],"vertices":[{"position":{"type":"float32","components":3,"data":[0.75,-1.87013e-31,0.75,-0.883932,-2.8037e-31,-0.329537,0.66124,-1.24529e-31,0.853659,-1.47581,6.14375e-32,1.10788,0.503443,5.76049e-32,1.2279,-1.40037,-3.36536e-32,0.722324,0.589495,-6.19418e-32,0.969745,-1.10185,-2.06048e-31,-0.00265317,-1.20266,-2.97545e-31,0.202658,-1.5,1.60297e-31,1.5,0.5,7.28055e-32,1.26608,-0.625,-3.45013e-31,-0.625,0.536475,-7.44418e-34,1.09549,-1.275,-1.23332e-31,0.35,0.5,1.60297e-31,1.5,-1.32551,-2.72392e-31,0.5,0.66124,1.5,0.853659,-0.883932,1.5,-0.329537,0.75,1.5,0.75,-0.625,1.5,-0.625,0.503443,1.5,1.2279,-1.32551,1.5,0.5,0.536475,1.5,1.09549,-1.20266,1.5,0.202658,0.589495,1.5,0.969745,-1.10185,1.5,-0.00265317,-1.5,1.5,1.5,0.5,1.5,1.26608,0.5,1.5,1.5,-1.47581,1.5,1.10788,-1.40037,1.5,0.722324,-1.275,1.5,0.35,0.66124,-1.24529e-31,0.853659,0.75,1.5,0.75,0.75,-1.87013e-31,0.75,0.66124,1.5,0.853659,0.503443,5.76049e-32,1.2279,0.536475,1.5,1.09549,0.536475,-7.44418e-34,1.09549,0.503443,1.5,1.2279,0.536475,-7.44418e-34,1.09549,0.589495,1.5,0.969745,0.589495,-6.19418e-32,0.969745,0.536475,1.5,1.09549,0.589495,-6.19418e-32,0.969745,0.66124,1.5,0.853659,0.66124,-1.24529e-31,0.853659,0.589495,1.5,0.969745,0.5,1.5,1.26608,0.5,1.60297e-31,1.5,0.5,1.5,1.5,0.5,7.28055e-32,1.26608,0.503443,1.5,1.2279,0.5,7.28055e-32,1.26608,0.5,1.5,1.26608,0.503443,5.76049e-32,1.2279,-1.32551,-2.72392e-31,0.5,-1.32551,1.5,0.5,-1.40037,-3.36536e-32,0.722324,-1.40037,1.5,0.722324,-1.275,-1.23332e-31,0.35,-1.275,1.5,0.35,-0.625,-3.45013e-31,-0.625,-0.625,1.5,-0.625,-0.883932,-2.8037e-31,-0.329537,-0.883932,1.5,-0.329537,-1.10185,-2.06048e-31,-0.00265317,-1.20266,1.5,0.202658,-1.20266,-2.97545e-31,0.202658,-1.10185,1.5,-0.00265317,-1.40037,-3.36536e-32,0.722324,-1.47581,6.14375e-32,1.10788,-1.47581,1.5,1.10788,-1.275,-1.23332e-31,0.35,-0.883932,-2.8037e-31,-0.329537,-1.10185,-2.06048e-31,-0.00265317,-1.47581,6.14375e-32,1.10788,-1.5,1.60297e-31,1.5,-1.5,1.5,1.5]},"normal":{"type":"float32","components":3,"data":[2.13884e-32,1,-2.50175e-31,2.13884e-32,1,-2.50175e-31,2.13884e-32,1,-2.50175e-31,2.13884e-32,1,-2.50175e-31,2.13884e-32,1,-2.50175e-31,2.13884e-32,1,-2.50175e-31,2.13884e-32,1,-2.50175e-31,2.13884e-32,1,-2.50175e-31,2.13884e-32,1,-2.50175e-31,2.13884e-32,1,-2.50175e-31,2.13884e-32,1,-2.50175e-31,2.13884e-32,1,-2.50175e-31,2.13884e-32,1,-2.50175e-31,2.13884e-32,1,-2.50175e-31,2.13884e-32,1,-2.50175e-31,2.13884e-32,1,-2.50175e-31,0,-1,0,0,-1,0,0,-1,0,0,-1,0,0,-1,0,0,-1,0,0,-1,0,0,-1,0,0,-1,0,0,-1,0,0,-1,0,0,-1,0,0,-1,0,0,-1,0,0,-1,0,0,-1,0,-0.807527,-1.23906e-32,-0.589831,-0.759584,0,-0.65041,-0.759584,0,-0.65041,-0.807527,-1.23906e-32,-0.589831,-0.986054,1.57816e-32,-0.166423,-0.948683,1.74975e-32,-0.316228,-0.948683,1.74975e-32,-0.316228,-0.986054,1.57816e-32,-0.166423,-0.948683,1.74975e-32,-0.316228,-0.888698,-1.06747e-32,-0.458494,-0.888698,-1.06747e-32,-0.458494,-0.948683,1.74975e-32,-0.316228,-0.888698,-1.06747e-32,-0.458494,-0.807527,-1.23906e-32,-0.589831,-0.807527,-1.23906e-32,-0.589831,-0.888698,-1.06747e-32,-0.458494,-0.998989,0,-0.0449482,-1,0,0,-1,0,0,-0.998989,0,-0.0449482,-0.986054,1.57816e-32,-0.166423,-0.998989,0,-0.0449482,-0.998989,0,-0.0449482,-0.986054,1.57816e-32,-0.166423,0.947712,-1.6942e-32,0.319127,0.947712,-1.6942e-32,0.319127,0.966644,-2.8853e-32,0.256124,0.966644,-2.8853e-32,0.256124,0.924678,-4.95755e-33,0.38075,0.924678,-4.95755e-33,0.38075,0.75207,0,0.659084,0.75207,0,0.659084,0.793778,1.54919e-32,0.608208,0.793778,1.54919e-32,0.608208,0.866722,1.90237e-32,0.498792,0.897642,7.04831e-33,0.440724,0.897642,7.04831e-33,0.440724,0.866722,1.90237e-32,0.498792,0.966644,-2.8853e-32,0.256124,0.991894,-2.03637e-32,0.127069,0.991894,-2.03637e-32,0.127069,0.924678,-4.95755e-33,0.38075,0.793778,1.54919e-32,0.608208,0.866722,1.90237e-32,0.498792,0.991894,-2.03637e-32,0.127069,0.998102,0,0.0615755,0.998102,0,0.0615755]},"texCoord0":{"type":"float32","components":2,"data":[-6.875,-3.125,-10.9598,-0.426156,-7.0969,-3.38415,-12.4395,-4.0197,-7.49139,-4.31975,-12.2509,-3.05581,-7.27626,-3.67436,-11.5046,-1.24337,-11.7566,-1.75665,-12.5,-5,-7.5,-4.41521,-10.3125,0.3125,-7.40881,-3.98873,-11.9375,-2.125,-7.5,-5,-12.0638,-2.5,5.51216,-2.62846,8.51249,-0.330995,5.33981,-2.42718,8.00971,0.242718,5.81856,-3.35515,9.36992,-1.94175,5.75442,-3.09804,9.13138,-1.36438,5.65147,-2.85387,8.93564,-0.965722,9.70874,-3.8835,5.82524,-3.42929,5.82524,-3.8835,9.66177,-3.1221,9.51529,-2.37344,9.27184,-1.65049,7.18643,1.19568e-30,6.84526,3.75,6.84526,1.03947e-30,7.18643,3.75,6.00458,1.1504e-30,5.66341,3.75,5.66341,1.00453e-30,6.00458,3.75,6.55385,1.18231e-30,6.21268,3.75,6.21268,1.02931e-30,6.55385,3.75,6.95096,1.15257e-30,6.60979,3.75,6.60979,9.96102e-31,6.95096,3.75,4.41521,3.75,5,1.60297e-30,5,3.75,4.41521,1.38424e-30,4.97507,3.75,5.07091,1.38424e-30,5.07091,3.75,4.97507,1.34624e-30,2.59726,-4.62973e-31,2.59726,3.75,2,-0,2,3.75,3,1.4013e-45,3,3.75,6,-1.19618e-31,6,3.75,5,-1.19618e-31,5,3.75,4,0,3.41769,3.75,3.41769,-3.49134e-31,4,3.75,2,-1.4013e-45,1,-1.4013e-45,1,3.75,3,-1.4013e-45,5,-1.4013e-45,4,-1.4013e-45,1,0,8.88178e-16,-0,8.88178e-16,3.75]}}],"meshes":[{"aabb":{"min":[-1.5,-3.45013e-31,-0.625],"max":[0.75,1.5,1.5]},"vertices":0,"indices":[0,1,2,3,4,5,6,7,8,9,10,3,2,7,6,1,0,11,7,2,1,8,12,6,12,8,13,4,3,10,10,9,14,5,4,15,12,13,15,15,4,12],"type":"triangles","base":0,"count":42},{"aabb":{"min":[-1.5,-3.45013e-31,-0.625],"max":[0.75,1.5,1.5]},"vertices":0,"indices":[16,17,18,18,17,19,20,21,22,22,23,24,17,16,25,24,23,25,25,16,24,26,27,28,27,29,20,27,26,29,30,20,29,21,20,30,31,22,21,23,22,31],"type":"triangles","base":0,"count":42},{"aabb":{"min":[-1.5,-3.45013e-31,-0.625],"max":[0.75,1.5,1.5]},"vertices":0,"indices":[32,33,34,33,32,35,36,37,38,37,36,39,40,41,42,41,40,43,44,45,46,45,44,47,48,49,50,49,48,51,52,53,54,53,52,55,56,57,58,59,58,57,60,57,56,57,60,61,62,63,64,65,64,63,66,67,68,67,66,69,70,59,71,72,71,59,68,67,73,61,73,67,74,65,75,69,75,65,76,72,77,78,77,72],"type":"triangles","base":0,"count":84}],"meshInstances":[{"node":2,"mesh":0},{"node":2,"mesh":1},{"node":2,"mesh":2}]}}