{"model":{"version":3,"nodes":[{"name":"RootNode","position":[0,0,0],"rotation":[0,0,0],"scale":[0.01,0.01,0.01],"scaleCompensation":false},{"name":"Model","position":[0,0,0],"rotation":[0,0,0],"scale":[1,1,1],"scaleCompensation":false},{"name":"Mesh1","position":[0,0,0],"rotation":[0,0,0],"scale":[1,1,1],"scaleCompensation":false}],"parents":[-1,0,1],"skins":[],"morphs":[],"vertices":[{"position":{"type":"float32","components":3,"data":[1,0,-1.8,1,1.5,-1.8,1,1.5,-2,1,0,-2,-1,1.5,-1.8,-1,0,-1.8,-1,0,-2,-1,1.5,-2,1,1.5,-1.8,-1,1.5,-1.8,-1,1.5,-2,1,1.5,-2,1.8,2,1.8,1.8,2,-1.8,1.8,0,1.8,1.8,0,-1.8,-1.8,0,1.8,1.8,2,1.8,1.8,0,1.8,-1.8,2,1.8,-1,0,-1.8,-1.8,0,1.8,1.8,0,1.8,1,0,-1.8,1.8,0,-1.8,1,0,-2,-1,0,-2,-1.8,0,-1.8,1.8,2,-1.8,-1,1.5,-1.8,1,1.5,-1.8,1.8,0,-1.8,-1.8,0,-1.8,-1.8,2,-1.8,1,0,-1.8,-1,0,-1.8,-1.8,2,1.8,-1.8,2,-1.8,1.8,2,1.8,1.8,2,-1.8,-2,1.5,-0.9,-2,1.5,0.9,-2,0.5,0.9,-2,0.5,-0.9,-1.75,0.5,0.9,-1.75,0.5,-0.9,-2,0.5,0.9,-2,0.5,-0.9,-2,1.5,-0.9,-2,0.5,-0.9,-1.75,1.5,-0.9,-1.75,0.5,-0.9,-2,1.5,0.9,-2,1.5,-0.9,-1.75,1.5,0.9,-1.75,1.5,-0.9,-2,0.5,0.9,-2,1.5,0.9,-1.75,0.5,0.9,-1.75,1.5,0.9,-1.8,0,1.8,-1.8,0.452848,0.943007,-1.8,2,1.8,-1.8,0,-1.8,-1.8,0.452848,-0.943007,-1.8,1.54715,-0.943007,-1.8,1.54715,0.943007,-1.8,2,-1.8,-1.75,0.452848,0.943007,-1.75,0.5,0.9,-1.75,1.54715,0.943007,-1.75,0.452848,-0.943007,-1.75,0.5,-0.9,-1.75,1.5,-0.9,-1.75,1.5,0.9,-1.75,1.54715,-0.943007,-1.75,0.452848,-0.943007,-1.75,0.452848,0.943007,-1.8,0.452848,0.943007,-1.8,0.452848,-0.943007,-1.75,1.54715,-0.943007,-1.75,0.452848,-0.943007,-1.8,0.452848,-0.943007,-1.8,1.54715,-0.943007,-1.75,1.54715,0.943007,-1.8,1.54715,-0.943007,-1.8,1.54715,0.943007,-1.75,1.54715,-0.943007,-1.75,0.452848,0.943007,-1.75,1.54715,0.943007,-1.8,1.54715,0.943007,-1.8,0.452848,0.943007]},"normal":{"type":"float32","components":3,"data":[-1,0,0,-1,0,0,-1,0,0,-1,0,0,1,0,0,1,0,0,1,0,0,1,0,0,0,-1,0,0,-1,0,0,-1,0,0,-1,0,-1,0,0,-1,0,0,-1,0,0,-1,0,0,0,0,-1,0,0,-1,0,0,-1,0,0,-1,0,1,0,0,1,0,0,1,0,0,1,0,0,1,0,0,1,0,0,1,0,0,1,0,0,0,1,0,0,1,0,0,1,0,0,1,0,0,1,0,0,1,0,0,1,0,0,1,0,-1,0,0,-1,0,0,-1,0,0,-1,0,1,0,0,1,0,0,1,0,0,1,0,0,0,1,0,0,1,0,0,1,0,0,1,0,0,0,1,0,0,1,0,0,1,0,0,1,0,-1,0,0,-1,0,0,-1,0,0,-1,0,0,0,-1,0,0,-1,0,0,-1,0,0,-1,1,0,0,1,0,0,1,0,0,1,0,0,1,0,0,1,0,0,1,0,0,1,0,0,1,0,0,1,0,0,1,0,0,1,0,0,1,0,0,1,0,0,1,0,0,1,0,0,0,-1,0,0,-1,0,0,-1,0,0,-1,0,0,0,-1,0,0,-1,0,0,-1,0,0,-1,0,1,0,0,1,0,0,1,0,0,1,0,0,0,1,0,0,1,0,0,1,0,0,1]},"texCoord0":{"type":"float32","components":2,"data":[-4.5,0,-4.5,3.75,-5,3.75,-5,0,4.5,3.75,4.5,0,5,0,5,3.75,-1.94175,3.49515,1.94175,3.49515,1.94175,3.8835,-1.94175,3.8835,4.5,5,-4.5,5,4.5,0,-4.5,0,4.5,0,-4.5,5,-4.5,0,4.5,5,-6.75,6.75,-8.75,-2.25,0.25,-2.25,-1.75,6.75,0.25,6.75,-1.75,7.25,-6.75,7.25,-8.75,6.75,4.5,5,-2.5,3.75,2.5,3.75,4.5,0,-4.5,0,-4.5,5,2.5,0,-2.5,0,5.00971,-2.97087,5.00971,4.01942,-1.98058,-2.97087,-1.98058,4.01942,3.25295,4.92126,-3.25295,4.92126,-3.25295,1.64042,3.25295,1.64042,-2.87073,-1.47638,-2.87073,1.47638,-3.28084,-1.47638,-3.28084,1.47638,-3.28084,2.46063,-3.28084,0.82021,-2.87073,2.46063,-2.87073,0.82021,3.28084,-1.47638,3.28084,1.47638,2.87073,-1.47638,2.87073,1.47638,3.28084,0.82021,3.28084,2.46063,2.87073,0.82021,2.87073,2.46063,-4.5,0,-2.35752,1.13212,-4.5,5,4.5,0,2.35752,1.13212,2.35752,3.86788,-2.35752,3.86788,4.5,5,-1.54693,0.742861,-1.47638,0.82021,-1.54693,2.53798,1.54693,0.742861,1.47638,0.82021,1.47638,2.46063,-1.47638,2.46063,1.54693,2.53798,2.87073,1.54693,2.87073,-1.54693,2.95276,-1.54693,2.95276,1.54693,2.87073,2.53798,2.87073,0.742861,2.95276,0.742861,2.95276,2.53798,-2.87073,-1.54693,-2.95276,1.54693,-2.95276,-1.54693,-2.87073,1.54693,-2.87073,0.742861,-2.87073,2.53798,-2.95276,2.53798,-2.95276,0.742861]}}],"meshes":[{"aabb":{"min":[-2,0,-2],"max":[1.8,2,1.8]},"vertices":0,"indices":[0,1,2,0,2,3,4,5,6,4,6,7,12,13,14,14,13,15,16,17,18,17,16,19,28,29,30,30,31,28,32,29,33,28,33,29,31,30,34,29,32,35,60,61,62,61,60,63,61,63,64,64,63,65,62,66,67,66,62,61,67,66,65,67,65,63],"type":"triangles","base":0,"count":66},{"aabb":{"min":[-2,0,-2],"max":[1.8,2,1.8]},"vertices":0,"indices":[8,9,10,8,10,11,36,37,38,38,37,39],"type":"triangles","base":0,"count":12},{"aabb":{"min":[-2,0,-2],"max":[1.8,2,1.8]},"vertices":0,"indices":[20,21,22,22,23,20,23,22,24,20,23,25,20,25,26,21,20,27],"type":"triangles","base":0,"count":18},{"aabb":{"min":[-2,0,-2],"max":[1.8,2,1.8]},"vertices":0,"indices":[40,41,42,42,43,40],"type":"triangles","base":0,"count":6},{"aabb":{"min":[-2,0,-2],"max":[1.8,2,1.8]},"vertices":0,"indices":[44,45,46,46,45,47,48,49,50,50,49,51,52,53,54,54,53,55,56,57,58,58,57,59,68,69,70,69,68,71,69,71,72,72,71,73,70,74,75,74,70,69,75,74,73,75,73,71,76,77,78,78,79,76,80,81,82,82,83,80,84,85,86,85,84,87,88,89,90,90,91,88],"type":"triangles","base":0,"count":72}],"meshInstances":[{"node":2,"mesh":0},{"node":2,"mesh":1},{"node":2,"mesh":2},{"node":2,"mesh":3},{"node":2,"mesh":4}]}}