{"model":{"version":3,"nodes":[{"name":"RootNode","position":[0,0,0],"rotation":[0,0,0],"scale":[0.01,0.01,0.01],"scaleCompensation":false},{"name":"Model","position":[0,0,0],"rotation":[0,0,0],"scale":[1,1,1],"scaleCompensation":false},{"name":"Mesh1","position":[0,0,0],"rotation":[0,0,0],"scale":[1,1,1],"scaleCompensation":false}],"parents":[-1,0,1],"skins":[],"morphs":[],"vertices":[{"position":{"type":"float32","components":3,"data":[-1.25,-3.50649e-31,-0.75,-1.25,1.5,-0.75,-1.16124,-2.80519e-31,-0.646341,-1.16124,1.5,-0.646341,-1.08949,-2.20408e-31,-0.530255,-1.08949,1.5,-0.530255,-1.03647,-1.60297e-31,-0.404509,-1.03647,1.5,-0.404509,0.383932,-4.40815e-31,-1.82954,0.125,1.5,-2.125,0.125,-5.00927e-31,-2.125,0.383932,1.5,-1.82954,1,0,0,0.975809,1.5,-0.39212,0.975809,-1.00185e-31,-0.39212,1,1.5,0,-5.74538,1.5,-8.12735,-5.77841,-5.00927e-31,-8.25976,-5.74538,-5.00927e-31,-8.12735,-5.77841,1.5,-8.25976,0.82551,1.5,-1,0.775,-2.80519e-31,-1.15,0.82551,-4.30797e-31,-1,0.775,1.5,-1.15,-1,0,0,-1,1.5,-0.233917,-1,1.5,0,-1,-8.01483e-32,-0.233917,-5.62061,1.5,-7.88551,-5.69236,-5.00927e-31,-8.0016,-5.62061,-5.00927e-31,-7.88551,-5.69236,1.5,-8.0016,0.601854,-3.70686e-31,-1.50265,0.383932,-4.40815e-31,-1.82954,0.601854,1.5,-1.50265,-1,-8.01483e-32,-0.233917,-1.00344,1.5,-0.272099,-1,1.5,-0.233917,-1.00344,-1.00185e-31,-0.272099,0.900374,-1.90352e-31,-0.777676,0.82551,-4.30797e-31,-1,0.900374,1.5,-0.777676,0.702658,1.5,-1.29734,0.601854,-3.70686e-31,-1.50265,0.702658,-4.60853e-31,-1.29734,0.775,-2.80519e-31,-1.15,0.702658,-4.60853e-31,-1.29734,-1.03647,-1.60297e-31,-0.404509,-1.03647,1.5,-0.404509,-1.00344,-1.00185e-31,-0.272099,-1.00344,1.5,-0.272099,-1.16124,-2.80519e-31,-0.646341,-1.16124,1.5,-0.646341,-1.08949,-2.20408e-31,-0.530255,-1.08949,1.5,-0.530255,0.975809,-1.00185e-31,-0.39212,0.900374,-1.90352e-31,-0.777676,-5.53185,1.5,-7.78185,0.125,-5.00927e-31,-2.125,0.125,1.5,-2.125,-5.53185,-5.00927e-31,-7.78185,-5.78185,1.5,-8.29794,-5.78185,-5.00927e-31,-8.29794,-5.77841,1.5,-8.25976,-5.77841,-5.00927e-31,-8.25976,-5.78185,1.5,-8.53185,-5.78185,-5.00927e-31,-8.53185,-5.78185,1.5,-8.29794,-5.78185,-5.00927e-31,-8.29794,-6.0574,-9.02389e-17,-5.55051,-6.0574,1.5,-5.55051,-6.01577,-9.02389e-17,-5.51577,-6.01577,1.5,-5.51577,-5.53185,1.5,-7.78185,-5.62061,-5.00927e-31,-7.88551,-5.53185,-5.00927e-31,-7.78185,-5.62061,1.5,-7.88551,-6.22284,-9.02389e-17,-5.64989,-6.22284,1.5,-5.64989,-6.0574,-9.02389e-17,-5.55051,-6.4016,-9.02389e-17,-5.72261,-6.4016,1.5,-5.72261,-6.78185,-9.02389e-17,-5.78185,-6.78185,1.5,-5.78185,-6.58944,-9.02389e-17,-5.76696,-6.58944,1.5,-5.76696,-5.69236,1.5,-8.0016,-5.74538,-5.00927e-31,-8.12735,-5.69236,-5.00927e-31,-8.0016,-5.74538,1.5,-8.12735,-1.25,-3.50649e-31,-0.75,-6.01577,-9.02389e-17,-5.51577,-5.78185,1.5,-5.28185,-1.25,1.5,-0.75,-6.01577,1.5,-5.51577,-6.58944,1.5,-5.76696,-5.53185,1.5,-7.78185,-6.4016,1.5,-5.72261,-1.00344,1.5,-0.272099,0.975809,1.5,-0.39212,-1,1.5,-0.233917,-5.62061,1.5,-7.88551,-6.78185,1.5,-5.78185,-6.78185,1.5,-8.53185,-1.08949,1.5,-0.530255,0.702658,1.5,-1.29734,-1.03647,1.5,-0.404509,1,1.5,0,0.601854,1.5,-1.50265,-1.16124,1.5,-0.646341,0.383932,1.5,-1.82954,-5.69236,1.5,-8.0016,-5.74538,1.5,-8.12735,-5.78185,1.5,-8.53185,-5.78185,1.5,-8.29794,-5.77841,1.5,-8.25976,-5.78185,1.5,-5.28185,-5.90922,1.5,-5.42685,-1.25,1.5,-0.75,0.125,1.5,-2.125,0.775,1.5,-1.15,0.82551,1.5,-1,-1,1.5,0,0.900374,1.5,-0.777676,-6.01577,1.5,-5.51577,-6.0574,1.5,-5.55051,-6.22284,1.5,-5.64989,-5.53185,-5.00927e-31,-7.78185,-6.22284,-9.02389e-17,-5.64989,-6.0574,-9.02389e-17,-5.55051,-1.16124,-2.80519e-31,-0.646341,0.601854,-3.70686e-31,-1.50265,0.383932,-4.40815e-31,-1.82954,-1.08949,-2.20408e-31,-0.530255,-6.01577,-9.02389e-17,-5.51577,0.125,-5.00927e-31,-2.125,-6.78185,-5.00927e-31,-8.53185,-5.78185,-5.00927e-31,-8.29794,-5.78185,-5.00927e-31,-8.53185,-1.25,-3.50649e-31,-0.75,-5.62061,-5.00927e-31,-7.88551,-6.58944,-9.02389e-17,-5.76696,-6.78185,-9.02389e-17,-5.78185,-6.4016,-9.02389e-17,-5.72261,-1.00344,-1.00185e-31,-0.272099,0.82551,-4.30797e-31,-1,-1.03647,-1.60297e-31,-0.404509,0.702658,-4.60853e-31,-1.29734,1,0,0,-1,-8.01483e-32,-0.233917,-1,0,0,0.975809,-1.00185e-31,-0.39212,0.900374,-1.90352e-31,-0.777676,0.775,-2.80519e-31,-1.15,-5.69236,-5.00927e-31,-8.0016,-5.74538,-5.00927e-31,-8.12735,-5.77841,-5.00927e-31,-8.25976,-6.58944,-9.02389e-17,-5.76696]},"normal":{"type":"float32","components":3,"data":[0.759584,0,-0.65041,0.759584,0,-0.65041,0.807527,0,-0.589831,0.807527,0,-0.589831,0.888698,0,-0.458494,0.888698,0,-0.458494,0.948683,0,-0.316228,0.948683,0,-0.316228,-0.793778,0,0.608208,-0.75207,0,0.659084,-0.75207,0,0.659084,-0.793778,0,0.608208,-0.998102,0,0.0615755,-0.991894,0,0.127069,-0.991894,0,0.127069,-0.998102,0,0.0615755,-0.948683,0,0.316228,-0.986054,0,0.166423,-0.948683,0,0.316228,-0.986054,0,0.166423,-0.947712,0,0.319127,-0.924678,0,0.38075,-0.947712,0,0.319127,-0.924678,0,0.38075,1,0,0,0.998989,0,-0.0449482,1,0,0,0.998989,0,-0.0449482,-0.807527,0,0.589831,-0.888698,0,0.458494,-0.807527,0,0.589831,-0.888698,0,0.458494,-0.866722,0,0.498792,-0.793778,0,0.608208,-0.866722,0,0.498792,0.998989,0,-0.0449482,0.986054,0,-0.166423,0.998989,0,-0.0449482,0.986054,0,-0.166423,-0.966644,0,0.256124,-0.947712,0,0.319127,-0.966644,0,0.256124,-0.897642,0,0.440724,-0.866722,0,0.498792,-0.897642,0,0.440724,-0.924678,0,0.38075,-0.897642,0,0.440724,0.948683,0,-0.316228,0.948683,0,-0.316228,0.986054,0,-0.166423,0.986054,0,-0.166423,0.807527,0,-0.589831,0.807527,0,-0.589831,0.888698,0,-0.458494,0.888698,0,-0.458494,-0.991894,0,0.127069,-0.966644,0,0.256124,-0.707107,0,0.707107,-0.707107,0,0.707107,-0.707107,0,0.707107,-0.707107,0,0.707107,-0.998989,0,0.0449482,-0.998989,0,0.0449482,-0.986054,0,0.166423,-0.986054,0,0.166423,-1,0,0,-1,0,0,-0.998989,0,0.0449482,-0.998989,0,0.0449482,0.579567,2.48939e-32,-0.814925,0.579567,2.48939e-32,-0.814925,0.640747,0,-0.767752,0.640747,0,-0.767752,-0.759584,0,0.65041,-0.807527,0,0.589831,-0.759584,0,0.65041,-0.807527,0,0.589831,0.447214,2.48939e-32,-0.894427,0.447214,2.48939e-32,-0.894427,0.579567,2.48939e-32,-0.814925,0.3042,3.33599e-33,-0.952608,0.3042,3.33599e-33,-0.952608,0.0771977,-5.07829e-19,-0.997016,0.0771977,-5.07829e-19,-0.997016,0.153935,-2.54674e-19,-0.988081,0.153935,-2.54674e-19,-0.988081,-0.888698,0,0.458494,-0.948683,0,0.316228,-0.888698,0,0.458494,-0.948683,0,0.316228,0.707107,1.8894e-16,-0.707107,0.707107,1.8894e-16,-0.707107,0.707107,1.8894e-16,-0.707107,0.707107,1.8894e-16,-0.707107,0.707107,1.8894e-16,-0.707107,0,-1,0,0,-1,0,0,-1,0,0,-1,0,0,-1,0,0,-1,0,0,-1,0,0,-1,0,0,-1,0,0,-1,0,0,-1,0,0,-1,0,0,-1,0,0,-1,0,0,-1,0,0,-1,0,0,-1,0,0,-1,0,0,-1,0,0,-1,0,0,-1,0,0,-1,0,0,-1,0,0,-1,0,0,-1,0,0,-1,0,0,-1,0,0,-1,0,0,-1,0,0,-1,0,0,-1,0,0,-1,0,-1.96999e-17,1,1.34392e-17,-1.96999e-17,1,1.34392e-17,-1.96999e-17,1,1.34392e-17,-1.96999e-17,1,1.34392e-17,-1.96999e-17,1,1.34392e-17,-1.96999e-17,1,1.34392e-17,-1.96999e-17,1,1.34392e-17,-1.96999e-17,1,1.34392e-17,-1.96999e-17,1,1.34392e-17,-1.96999e-17,1,1.34392e-17,-1.96999e-17,1,1.34392e-17,-1.96999e-17,1,1.34392e-17,-1.96999e-17,1,1.34392e-17,-1.96999e-17,1,1.34392e-17,-1.96999e-17,1,1.34392e-17,-1.96999e-17,1,1.34392e-17,-1.96999e-17,1,1.34392e-17,-1.96999e-17,1,1.34392e-17,-1.96999e-17,1,1.34392e-17,-1.96999e-17,1,1.34392e-17,-1.96999e-17,1,1.34392e-17,-1.96999e-17,1,1.34392e-17,-1.96999e-17,1,1.34392e-17,-1.96999e-17,1,1.34392e-17,-1.96999e-17,1,1.34392e-17,-1.96999e-17,1,1.34392e-17,-1.96999e-17,1,1.34392e-17,-1.96999e-17,1,1.34392e-17,-1.96999e-17,1,1.34392e-17,-1.96999e-17,1,1.34392e-17,0.153935,-2.54674e-19,-0.988081]},"texCoord0":{"type":"float32","components":2,