{"model":{"version":3,"nodes":[{"name":"RootNode","position":[0,0,0],"rotation":[0,0,0],"scale":[0.01,0.01,0.01],"scaleCompensation":false},{"name":"Model","position":[0,0,0],"rotation":[0,0,0],"scale":[1,1,1],"scaleCompensation":false},{"name":"Mesh1","position":[0,0,0],"rotation":[0,0,0],"scale":[1,1,1],"scaleCompensation":false}],"parents":[-1,0,1],"skins":[],"morphs":[],"vertices":[{"position":{"type":"float32","components":3,"data":[0.63,0.5,1.8,-0.63,0.5,1.3,-0.63,0.5,1.8,0.63,0.5,1.3,-0.63,0.4,1.3,-0.63,0.5,1.3,-0.56,0.4,1.3,0.63,0.5,1.3,0.56,0.4,1.3,0.63,0.4,1.3,0.63,0.4,1.73,0.63,0.5,1.8,0.63,0.4,1.8,0.63,0.4,1.37,0.63,0.5,1.3,0.63,0.4,1.3,-0.63,0.5,1.8,-0.63,0.4,1.37,-0.63,0.4,1.73,-0.63,0.4,1.8,-0.63,0.5,1.3,-0.63,0.4,1.3,-0.63,0,1.3,-0.56,0,1.3,-0.63,0,1.37,-0.63,0.4,1.37,-0.63,0.4,1.3,-0.63,0,1.3,-0.56,0,1.37,-0.56,0.4,1.37,-0.63,0.4,1.37,-0.63,0,1.37,-0.56,0,1.3,-0.56,0.4,1.37,-0.56,0,1.37,-0.56,0.4,1.3,0.63,0,1.3,0.63,0.4,1.37,0.63,0,1.37,0.63,0.4,1.3,0.63,0,1.37,0.63,0.4,1.37,0.56,0.4,1.37,0.56,0,1.37,0.56,0,1.3,0.63,0,1.3,0.56,0,1.37,0.56,0.4,1.37,0.56,0.4,1.3,0.56,0,1.3,0.63,0.4,1.8,0.63,0,1.8,0.63,0,1.73,0.63,0.4,1.73,0.56,0,1.8,0.56,0.4,1.8,0.56,0.4,1.73,0.56,0,1.73,0.63,0,1.8,0.63,0.4,1.8,0.56,0.4,1.8,0.56,0,1.8,0.56,0,1.73,0.63,0.4,1.73,0.63,0,1.73,0.56,0.4,1.73,-0.56,0.4,1.8,-0.56,0,1.8,-0.56,0,1.73,-0.56,0.4,1.73,-0.56,0,1.8,-0.56,0.4,1.8,-0.63,0.4,1.8,-0.63,0,1.8,-0.63,0,1.8,-0.63,0.4,1.8,-0.63,0.4,1.73,-0.63,0,1.73,-0.63,0,1.73,-0.56,0.4,1.73,-0.56,0,1.73,-0.63,0.4,1.73,0.63,0.5,1.8,-0.63,0.5,1.8,0.63,0.4,1.73,0.56,0.4,1.8,0.63,0.4,1.8,0.56,0.4,1.73,-0.56,0.4,1.73,-0.63,0.4,1.8,-0.56,0.4,1.8,-0.63,0.4,1.73,0.56,0.4,1.37,-0.56,0.4,1.37,0.56,0.4,1.73,0.56,0.4,1.3,-0.56,0.4,1.8,0.56,0.4,1.8,-0.63,0.4,1.37,-0.63,0.4,1.73,0.63,0.4,1.73,0.63,0.4,1.37,-0.56,0.4,1.3,-0.56,0.4,1.73]},"normal":{"type":"float32","components":3,"data":[0,1,0,0,1,0,0,1,0,0,1,0,0,0,-1,0,0,-1,0,0,-1,0,0,-1,0,0,-1,0,0,-1,1,-3.89241e-30,4.12783e-16,1,-3.89241e-30,4.12783e-16,1,-3.89241e-30,4.12783e-16,1,-3.89241e-30,4.12783e-16,1,-3.89241e-30,4.12783e-16,1,-3.89241e-30,4.12783e-16,-1,0,-4.12783e-16,-1,0,-4.12783e-16,-1,0,-4.12783e-16,-1,0,-4.12783e-16,-1,0,-4.12783e-16,-1,0,-4.12783e-16,0,0,-1,0,0,-1,-1,0,5.15651e-15,-1,0,5.15651e-15,-1,0,5.15651e-15,-1,0,5.15651e-15,0,0,1,0,0,1,0,0,1,0,0,1,1,9.01554e-33,-5.15651e-15,1,9.01554e-33,-5.15651e-15,1,9.01554e-33,-5.15651e-15,1,9.01554e-33,-5.15651e-15,1,9.01554e-33,-5.15651e-15,1,9.01554e-33,-5.15651e-15,1,9.01554e-33,-5.15651e-15,1,9.01554e-33,-5.15651e-15,0,0,1,0,0,1,0,0,1,0,0,1,0,0,-1,0,0,-1,-1,0,5.15651e-15,-1,0,5.15651e-15,-1,0,5.15651e-15,-1,0,5.15651e-15,1,-2.79191e-32,-5.15651e-15,1,-2.79191e-32,-5.15651e-15,1,-2.79191e-32,-5.15651e-15,1,-2.79191e-32,-5.15651e-15,-1,0,5.15651e-15,-1,0,5.15651e-15,-1,0,5.15651e-15,-1,0,5.15651e-15,0,0,1,0,0,1,0,0,1,0,0,1,0,0,-1,0,0,-1,0,0,-1,0,0,-1,1,9.01554e-33,-5.15651e-15,1,9.01554e-33,-5.15651e-15,1,9.01554e-33,-5.15651e-15,1,9.01554e-33,-5.15651e-15,0,0,1,0,0,1,0,0,1,0,0,1,-1,0,5.15651e-15,-1,0,5.15651e-15,-1,0,5.15651e-15,-1,0,5.15651e-15,0,0,-1,0,0,-1,0,0,-1,0,0,-1,0,0,1,0,0,1,-6.44564e-16,1,-6.44564e-16,-6.44564e-16,1,-6.44564e-16,-6.44564e-16,1,-6.44564e-16,-6.44564e-16,1,-6.44564e-16,-6.44564e-16,1,-6.44564e-16,-6.44564e-16,1,-6.44564e-16,-6.44564e-16,1,-6.44564e-16,-6.44564e-16,1,-6.44564e-16,4.93446e-17,1,1.27596e-16,4.93446e-17,1,1.27596e-16,4.93446e-17,1,1.27596e-16,4.93446e-17,1,1.27596e-16,4.93446e-17,1,1.27596e-16,4.93446e-17,1,1.27596e-16,4.93446e-17,1,1.27596e-16,4.93446e-17,1,1.27596e-16,4.93446e-17,1,1.27596e-16,4.93446e-17,1,1.27596e-16,4.93446e-17,1,1.27596e-16,4.93446e-17,1,1.27596e-16]},"texCoord0":{"type":"float32","components":2,"data":[0.413386,-1.1811,-0.413386,-0.853018,-0.413386,-1.1811,0.413386,-0.853018,0.413386,0.262467,0.413386,0.328084,0.367454,0.262467,-0.413386,0.328084,-0.367454,0.262467,-0.413386,0.262467,-1.13517,0.262467,-1.1811,0.328084,-1.1811,0.262467,-0.89895,0.262467,-0.853018,0.328084,-0.853018,0.262467,1.1811,0.328084,0.89895,0.262467,1.13517,0.262467,1.1811,0.262467,0.853018,0.328084,0.853018,0.262467,0.413386,0,0.367454,0,0.89895,0,0.89895,0.262467,0.853018,0.262467,0.853018,0,-0.367454,0,-0.367454,0.262467,-0.413386,0.262467,-0.413386,0,-0.853018,3.3128e-33,-0.89895,0.262467,-0.89895,3.3128e-33,-0.853018,0.262467,-0.853018,-3.72689e-33,-0.89895,0.262467,-0.89895,-3.72689e-33,-0.853018,0.262467,0.413386,0,0.413386,0.262467,0.367454,0.262467,0.367454,0,-0.367454,0,-0.413386,0,0.89895,0,0.89895,0.262467,0.853018,0.262467,0.853018,0,-1.1811,0.262467,-1.1811,1.15414e-32,-1.13517,1.15414e-32,-1.13517,0.262467,1.1811,0,1.1811,0.262467,1.13517,0.262467,1.13517,0,0.413386,0,0.413386,0.262467,0.367454,0.262467,0.367454,0,-0.367454,0,-0.413386,0.262467,-0.413386,0,-0.367454,0.262467,-1.1811,0.262467,-1.1811,3.3128e-33,-1.13517,3.3128e-33,-1.13517,0.262467,-0.367454,0,-0.367454,0.262467,-0.413386,0.262467,-0.413386,0,1.1811,0,1.1811,0.262467,1.13517,0.262467,1.13517,0,0.413386,0,0.367454,0.262467,0.367454,0,0.413386,0.262467,0.413386,0.328084,-0.413386,0.328084,0.413386,-1.13517,0.367454,-1.1811,0.413386,-1.1811,0.367454,-1.13517,-0.367454,-1.13517,-0.413386,-1.1811,-0.367454,-1.1811,-0.413386,-1.13517,0.367454,-0.89895,-0.367454,-0.89895,0.367454,-1.13517,0.367454,-0.853018,-0.367454,-1.1811,0.367454,-1.1811,-0.413386,-0.89895,-0.413386,-1.13517,0.413386,-1.13517,0.413386,-0.89895,-0.367454,-0.853018,-0.367454,-1.13517]}}],"meshes":[{"aabb":{"min":[-0.63,0,1.3],"max":[0.63,0.5,1.8]},"vertices":0,"indices":[0,1,2,1,0,3,4,5,6,5,7,6,8,7,9,7,8,6,10,11,12,11,13,14,13,11,10,14,13,15,16,17,18,16,18,19,17,16,20,17,20,21,22,6,23,6,22,4,24,25,26,24,26,27,28,29,30,30,31,28,32,33,34,33,32,35,36,37,38,37,36,39,40,41,42,42,43,40,44,9,45,9,44,8,46,47,48,46,48,49,50,51,52,50,52,53,54,55,56,54,56,57,58,59,60,60,61,58,62,63,64,63,62,65,66,67,68,66,68,69,70,71,72,72,73,70,74,75,76,74,76,77,78,79,80,79,78,81,82,83,71,82,71,60,82,60,59,71,83,72,84,85,86,85,84,87,88,89,90,89,88,91,92,93,94,95,93,92,96,97,94,93,98,99,100,92,94,92,100,101,93,95,102,93,99,103,94,103,96,103,94,93],"type":"triangles","base":0,"count":192}],"meshInstances":[{"node":2,"mesh":0}]}}