{"model":{"version":3,"nodes":[{"name":"RootNode","position":[0,0,0],"rotation":[0,0,0],"scale":[0.01,0.01,0.01],"scaleCompensation":false},{"name":"Model","position":[0,0,0],"rotation":[0,0,0],"scale":[1,1,1],"scaleCompensation":false},{"name":"Mesh1","position":[0,0,0],"rotation":[0,0,0],"scale":[1,1,1],"scaleCompensation":false}],"parents":[-1,0,1],"skins":[],"morphs":[],"vertices":[{"position":{"type":"float32","components":3,"data":[-0.9802,0,0.1,-0.9802,0.01,0.1,-0.9802,0,0.2,-0.9802,0.01,-0.1,-0.9802,1.485,-0.2,-0.9802,1.485,-0.1,-0.9802,0,-0.2,-0.9802,0,0.2,-0.9802,1.485,0.2,-1.0002,1.46,0.2,-1.0002,1.505,0.2,0.9998,1.505,0.2,-0.88219,1.485,0.2,0.98,1.485,0.2,0.98,0,0.2,0.9998,0,0.2,-1.0002,0,0.2,0.9998,-4.00741e-32,-0.2,0.98,1.485,-0.2,0.9998,1.505,-0.2,-1.0002,1.46,-0.2,-0.9802,0,-0.2,-1.0002,-4.00741e-32,-0.2,-1.0002,1.505,-0.2,-0.9802,1.485,-0.2,-0.88219,1.485,-0.2,0.98,0,-0.2,0.98,0.01,-0.1,0.98,0,-0.11,0.98,0,-0.1,0.98,0,-0.2,0.98,1.485,-0.1,-0.9802,1.485,-0.1,-0.88219,1.485,-0.2,0.98,1.485,-0.2,-0.9802,1.485,-0.2,0.99,1.495,0.1,-0.9902,1.495,0.1,-0.9902,1.495,-0.1,0.99,1.495,-0.1,-0.9902,0.01,-0.1,-0.9902,1.495,0.1,-0.9902,0.01,0.1,-0.9902,1.495,-0.1,0.98,0,-0.1,-0.9802,0,0.1,0.98,0,0.1,-0.9902,0,-0.1,-0.9902,0,0.1,-0.9802,0,-0.1,-0.9902,1.495,-0.1,-0.9902,0.01,-0.1,-0.9802,1.485,-0.1,0.98,1.485,-0.1,0.98,0.01,-0.1,0.99,0.01,-0.1,0.99,1.495,-0.1,-0.9802,0.01,-0.1,0.99,0.01,0.1,0.99,1.495,0.1,0.99,1.495,-0.1,0.99,0.01,-0.1,0.98,0,0.1,0.98,0,0.2,0.98,0.01,0.1,-0.88219,1.485,0.2,0.98,1.485,0.1,0.98,1.485,0.2,-0.9802,1.485,0.1,-0.9802,1.485,0.2,0.98,1.485,0.1,0.99,0.01,0.1,0.98,0.01,0.1,-0.9902,0.01,0.1,-0.9902,1.495,0.1,-0.9802,1.485,0.1,-0.9802,0.01,0.1,0.99,1.495,0.1,-0.9802,0.01,0.1,0.98,0.01,0.1,0.98,0.01,-0.1,-0.9902,0.01,-0.1,-0.9902,0.01,0.1,0.99,0.01,-0.1,-0.9802,0.01,-0.1,0.99,0.01,0.1,-0.9802,0.01,-0.1,-0.9902,0.01,-0.1,-0.9902,0,-0.1,-0.9802,0,-0.1,-0.9902,0.01,-0.1,-0.9902,0.01,0.1,-0.9902,0,0.1,-0.9902,0,-0.1,-0.9902,0,0.1,-0.9902,0.01,0.1,-0.9802,0,0.1,-0.9802,0.01,0.1,-0.9802,0.01,-0.1,0.98,0.01,-0.1,-0.9802,0,-0.1,0.98,0,-0.1,-0.9802,0,0.1,0.98,0,0.1,-0.9802,0.01,0.1,0.98,0.01,0.1,-0.9802,1.485,0.2,-0.9802,0,0.2,-0.9802,0.01,0.1,-0.9802,1.485,0.1,0.98,1.485,0.2,0.98,0.01,0.1,0.98,0,0.2,0.98,1.485,0.1,0.98,0,0.1,-0.9802,0,0.2,0.98,0,0.2,-0.9802,0,0.1,0.98,0.01,0.1,-0.9802,0,0.2,0.98,0,0.2,-0.9802,0.01,0.1,0.98,0,-0.11,-0.9802,0,-0.2,-0.9802,0,-0.1,0.98,0,-0.2,0.98,0,-0.1,0.98,0.01,-0.1,0.98,1.485,-0.1,0.98,1.485,-0.2,0.98,0,-0.2,-0.9802,0,-0.1,-0.9802,0,-0.2,-0.9802,0.01,-0.1,0.98,0.01,-0.1,-0.9802,0,-0.2,-0.9802,0.01,-0.1,0.98,0,-0.2]},"normal":{"type":"float32","components":3,"data":[1,0,0,1,0,0,1,0,0,1,0,0,1,0,0,1,0,0,1,0,0,0,0,1,0,0,1,0,0,1,0,0,1,0,0,1,0,0,1,0,0,1,0,0,1,0,0,1,0,0,1,0,0,-1,0,0,-1,0,0,-1,0,0,-1,0,0,-1,0,0,-1,0,0,-1,0,0,-1,0,0,-1,0,0,-1,-1,8.92473e-16,-1.88411e-15,-1,8.92473e-16,-1.88411e-15,-1,8.92473e-16,-1.88411e-15,-1,8.92473e-16,-1.88411e-15,0,-1,0,0,-1,0,0,-1,0,0,-1,0,0,-1,0,0,-1,0,0,-1,0,0,-1,0,0,-1,0,1,0,0,1,0,0,1,0,0,1,0,0,0,1,0,0,1,0,0,1,0,0,1,0,0,1,0,0,1,0,0,0,1,0,0,1,0,0,1,0,0,1,0,0,1,0,0,1,0,0,1,0,0,1,-1,0,0,-1,0,0,-1,0,0,-1,0,0,-1,0,0,-1,0,0,-1,0,0,0,-1,0,0,-1,0,0,-1,0,0,-1,0,0,-1,0,0,0,-1,0,0,-1,0,0,-1,0,0,-1,0,0,-1,0,0,-1,0,0,-1,0,0,-1,0,1,0,0,1,0,0,1,0,0,1,0,0,1,0,0,1,0,0,1,0,0,1,0,0,0,1,0,0,1,0,0,1,0,0,1,1,0,0,1,0,0,1,0,0,1,0,0,0,0,-1,0,0,-1,0,0,-1,0,0,-1,0,0,-1,0,0,-1,0,0,-1,0,0,-1,0,0,1,0,0,1,0,0,1,0,0,1,1,0,0,1,0,0,1,0,0,1,0,0,-1,0,0,-1,0,0,-1,0,0,-1,0,0,0,1,0,0,1,0,0,1,0,0,1,0,0,0.995037,0.0995037,0,0.995037,0.0995037,0,0.995037,0.0995037,0,0.995037,0.0995037,0,1,0,0,1,0,0,1,0,0,1,0,0,1,0,-1,-6.11775e-17,-8.9933e-16,-1,-6.11775e-17,-8.9933e-16,-1,-6.11775e-17,-8.9933e-16,-1,-6.11775e-17,-8.9933e-16,1,0,0,1,0,0,1,0,0,5.93562e-20,0.995037,-0.0995037,5.93562e-20,0.995037,-0.0995037,5.93562e-20,0.995037,-0.0995037,5.93562e-20,0.995037,-0.0995037]},"texCoord0":{"type":"float32","components":2,"data":[-3.93701,0,-3.93701,0.393701,-7.87402,0,0.261097,0.025,0.522193,3.7125,0.261097,3.7125,0.522193,0,-2.55927,0,-2.55927,3.7125,-2.61149,3.65,-2.61149,3.7625,2.61044,3.7625,-2.30337,3.7125,2.55875,3.7125,2.55875,0,2.61044,0,-2.61149,0,-2.61044,-1.00185e-31,-2.55875,3.7125,-2.61044,3.7625,2.61149,3.65,2.55927,0,2.61149,-1.00185e-31,2.61149,3.7625,2.55927,3.7125,2.30337,3.7125,-2.55875,0,-3.93701,0.393701,-4.33071,3.4434e-14,-3.93701,3.4434e-14,-7.87402,3.4434e-14,-2.55875,0.25,2.55927,0.25,2.30337,0.5,-2.55875,0.5,2.55927,0.5,-2.58486,-0.25,2.58538,-0.25,2.58538,0.25,-2.58486,0.25,0.261097,0.025,-0.261097,3.7375,-0.261097,0.025,0.261097,3.7375,2.45,0.25,-2.4505,-0.25,2.45,-0.25,-2.4755,0.25,-2.4755,-0.25,-2.4505,0.25,-2.58538,3.7375,-2.58538,0.025,-2.55927,3.7125,2.55875,3.7125,2.55875,0.025,2.58486,0.025,2.58486,3.7375,-2.55927,0.025,0.261097,0.025,0.261097,3.7375,-0.261097,3.7375,-0.261097,0.025,3.93701,0,7.87402,0,3.93701,0.393701,2.30337,-0.5,-2.55875,-0.25,-2.55875,-0.5,2.55927,-0.25,2.55927,-0.5,-2.55875,3.7125,-2.58486,0.025,-2.55875,0.025,2.58538,0.025,2.58538,3.7375,2.55927,3.7125,2.55927,0.025,-2.58486,3.7375,-2.55927,-0.25,2.55875,-0.25,2.55875,0.25,-2.58538,0.25,-2.58538,-0.25,2.58486,0.25,-2.55927,0.25,2.58486,-0.25,-2.4505,0.025,-2.4755,0.025,-2.4755,0,-2.4505,0,0.25,0.025,-0.25,0.025,-0.25,0,0.25,0,2.4755,0,2.4755,0.025,2.4505,0,2.4505,0.025,2.4505,0.025,-2.45,0.025,2.4505,0,-2.45,0,-2.4505,0,2.45,0,-2.4505,0.025,2.45,0.025,-0.522193,3.7125,-0.522193,0,-0.261097,0.025,-0.261097,3.7125,0.522193,3.7125,0.261097,0.025,0.522193,0,0.261097,3.7125,38.5827,-3.93701,-38.5905,-7.87402,38.5827,-7.87402,-38.5905,-3.93701,2.55875,-0.246272,-2.55927,-0.497519,2.55875,-0.497519,-2.55927,-0.246272,38.5827,4.33071,-38.5905,7.87402,-38.5905,3.93701,38.5827,7.87402,38.5827,3.93701,-0.261097,0.025,-0.261097,3.7125,-0.522193,3.7125,-0.522193,-1.49885e-16,3.93701,0,7.87402,0,3.93701,0.393701,-2.55875,-0.246272,2.55927,-0.497519,2.55927,-0.246272,-2.55875,-0.497519]}}],"meshes":[{"aabb":{"min":[-1.0002,-4.00741e-32,-0.2],"max":[0.9998,1.505,0.2]},"vertices":0,"indices":[0,1,2,27,28,29,28,27,30,62,63,64,131,132,133],"type":"triangles","base":0,"count":15},{"aabb":{"min":[-1.0002,-4.00741e-32,-0.2],"max":[0.9998,1.505,0.2]},"vertices":0,"indices":[3,4,5,4,3,6,7,8,9,9,8,10,11,10,12,12,10,8,13,14,15,15,11,13,11,12,13,7,9,16,17,18,19,20,21,22,20,23,24,23,25,24,18,17,26,24,21,20,25,23,19,25,19,18,31,32,33,31,33,34,33,32,35,65,66,67,66,65,68,69,68,65,106,107,108,106,108,109,110,111,112,111,110,113,127,128,129,127,129,130],"type":"triangles","base":0,"count":90},{"aabb":{"min":[-1.0002,-4.00741e-32,-0.2],"max":[0.9998,1.505,0.2]},"vertices":0,"indices":[36,37,38,36,38,39,40,41,42,41,40,43,50,51,52,53,50,52,53,54,55,55,56,53,56,50,53,52,51,57,58,59,60,58,60,61,70,71,72,73,74,75,73,75,76,70,75,74,77,71,70,70,74,77,78,79,80,81,82,78,80,79,83,78,80,84,78,84,81,85,83,79,118,119,120,119,118,121,134,135,136,135,134,137],"type":"triangles","base":0,"count":84},{"aabb":{"min":[-1.0002,-4.00741e-32,-0.2],"max":[0.9998,1.505,0.2]},"vertices":0,"indices":[44,45,46,45,47,48,45,44,49,47,45,49,86,87,88,86,88,89,90,91,92,92,93,90,94,95,96,96,95,97,98,99,100,101,100,99,102,103,104,105,104,103],"type":"triangles","base":0,"count":42},{"aabb":{"min":[-1.0002,-4.00741e-32,-0.2],"max":[0.9998,1.505,0.2]},"vertices":0,"indices":[114,115,116,115,114,117,122,123,124,123,122,125,122,124,126],"type":"triangles","base":0,"count":15}],"meshInstances":[{"node":2,"mesh":0},{"node":2,"mesh":1},{"node":2,"mesh":2},{"node":2,"mesh":3},{"node":2,"mesh":4}]}}