{"model":{"version":3,"nodes":[{"name":"RootNode","position":[0,0,0],"rotation":[0,0,0],"scale":[0.01,0.01,0.01],"scaleCompensation":false},{"name":"Model","position":[0,0,0],"rotation":[0,0,0],"scale":[1,1,1],"scaleCompensation":false},{"name":"Mesh1","position":[0,0,0],"rotation":[0,0,0],"scale":[1,1,1],"scaleCompensation":false}],"parents":[-1,0,1],"skins":[],"morphs":[],"vertices":[{"position":{"type":"float32","components":3,"data":[-1.41124,-1.24529e-31,0.853659,-1.41124,1.5,0.853659,-1.33949,-6.19418e-32,0.969745,-1.33949,1.5,0.969745,0.452658,1.5,0.202658,-1.33949,1.5,0.969745,0.351854,1.5,-0.00265317,0.75,1.5,1.5,-1.25,1.5,1.5,-1.25,1.5,1.26608,0.57551,1.5,0.5,-1.28647,1.5,1.09549,0.525,1.5,0.35,0.133932,1.5,-0.329537,-1.5,1.5,0.75,-0.125,1.5,-0.625,-1.41124,1.5,0.853659,-1.25344,1.5,1.2279,0.650374,1.5,0.722324,0.725809,1.5,1.10788,-1.25,1.60297e-31,1.5,-1.25,1.5,1.26608,-1.25,1.5,1.5,-1.25,7.28055e-32,1.26608,-1.28647,-7.44418e-34,1.09549,-1.28647,1.5,1.09549,-1.25344,5.76049e-32,1.2279,-1.25344,1.5,1.2279,-1.33949,-6.19418e-32,0.969745,-1.33949,1.5,0.969745,-1.28647,-7.44418e-34,1.09549,-1.28647,1.5,1.09549,-1.33949,-6.19418e-32,0.969745,0.351854,-2.06048e-31,-0.00265317,-1.41124,-1.24529e-31,0.853659,-1.5,-1.87013e-31,0.75,0.133932,-2.8037e-31,-0.329537,-0.125,-3.45013e-31,-0.625,0.75,1.60297e-31,1.5,-1.25,7.28055e-32,1.26608,-1.25,1.60297e-31,1.5,-1.25344,5.76049e-32,1.2279,0.650374,-3.36536e-32,0.722324,0.57551,-2.72392e-31,0.5,-1.28647,-7.44418e-34,1.09549,0.452658,-2.97545e-31,0.202658,0.725809,6.14375e-32,1.10788,0.525,-1.23332e-31,0.35,-1.5,-1.87013e-31,0.75,-1.5,1.5,0.75,-1.41124,-1.24529e-31,0.853659,-1.41124,1.5,0.853659,0.133932,-2.8037e-31,-0.329537,-0.125,1.5,-0.625,-0.125,-3.45013e-31,-0.625,0.133932,1.5,-0.329537,0.650374,-3.36536e-32,0.722324,0.57551,1.5,0.5,0.57551,-2.72392e-31,0.5,0.650374,1.5,0.722324,0.525,-1.23332e-31,0.35,0.525,1.5,0.35,-1.25,7.28055e-32,1.26608,-1.25344,1.5,1.2279,-1.25,1.5,1.26608,-1.25344,5.76049e-32,1.2279,0.525,-1.23332e-31,0.35,0.452658,1.5,0.202658,0.452658,-2.97545e-31,0.202658,0.351854,-2.06048e-31,-0.00265317,0.351854,1.5,-0.00265317,0.75,1.60297e-31,1.5,0.725809,1.5,1.10788,0.725809,6.14375e-32,1.10788,0.75,1.5,1.5,0.725809,6.14375e-32,1.10788,0.650374,-3.36536e-32,0.722324,0.351854,-2.06048e-31,-0.00265317,0.133932,-2.8037e-31,-0.329537]},"normal":{"type":"float32","components":3,"data":[0.807527,-1.23906e-32,-0.589831,0.807527,-1.23906e-32,-0.589831,0.888698,-1.06747e-32,-0.458494,0.888698,-1.06747e-32,-0.458494,0,-1,0,0,-1,0,0,-1,0,0,-1,0,0,-1,0,0,-1,0,0,-1,0,0,-1,0,0,-1,0,0,-1,0,0,-1,0,0,-1,0,0,-1,0,0,-1,0,0,-1,0,0,-1,0,1,0,0,0.998989,0,-0.0449482,1,0,0,0.998989,0,-0.0449482,0.948683,1.74975e-32,-0.316228,0.948683,1.74975e-32,-0.316228,0.986054,1.57816e-32,-0.166423,0.986054,1.57816e-32,-0.166423,0.888698,-1.06747e-32,-0.458494,0.888698,-1.06747e-32,-0.458494,0.948683,1.74975e-32,-0.316228,0.948683,1.74975e-32,-0.316228,-2.13884e-32,1,-2.50175e-31,-2.13884e-32,1,-2.50175e-31,-2.13884e-32,1,-2.50175e-31,-2.13884e-32,1,-2.50175e-31,-2.13884e-32,1,-2.50175e-31,-2.13884e-32,1,-2.50175e-31,-2.13884e-32,1,-2.50175e-31,-2.13884e-32,1,-2.50175e-31,-2.13884e-32,1,-2.50175e-31,-2.13884e-32,1,-2.50175e-31,-2.13884e-32,1,-2.50175e-31,-2.13884e-32,1,-2.50175e-31,-2.13884e-32,1,-2.50175e-31,-2.13884e-32,1,-2.50175e-31,-2.13884e-32,1,-2.50175e-31,-2.13884e-32,1,-2.50175e-31,0.759584,0,-0.65041,0.759584,0,-0.65041,0.807527,-1.23906e-32,-0.589831,0.807527,-1.23906e-32,-0.589831,-0.793778,1.54919e-32,0.608208,-0.75207,0,0.659084,-0.75207,0,0.659084,-0.793778,1.54919e-32,0.608208,-0.966644,-2.8853e-32,0.256124,-0.947712,-1.6942e-32,0.319127,-0.947712,-1.6942e-32,0.319127,-0.966644,-2.8853e-32,0.256124,-0.924678,-4.95755e-33,0.38075,-0.924678,-4.95755e-33,0.38075,0.998989,0,-0.0449482,0.986054,1.57816e-32,-0.166423,0.998989,0,-0.0449482,0.986054,1.57816e-32,-0.166423,-0.924678,-4.95755e-33,0.38075,-0.897642,7.04831e-33,0.440724,-0.897642,7.04831e-33,0.440724,-0.866722,1.90237e-32,0.498792,-0.866722,1.90237e-32,0.498792,-0.998102,0,0.0615755,-0.991894,-2.03637e-32,0.127069,-0.991894,-2.03637e-32,0.127069,-0.998102,0,0.0615755,-0.991894,-2.03637e-32,0.127069,-0.966644,-2.8853e-32,0.256124,-0.866722,1.90237e-32,0.498792,-0.793778,1.54919e-32,0.608208]},"texCoord0":{"type":"float32","components":2,"data":[6.60979,9.96102e-31,6.60979,3.75,6.95096,1.15257e-30,6.95096,3.75,9.13138,-1.36438,5.65147,-2.85387,8.93564,-0.965722,9.70874,-3.8835,5.82524,-3.8835,5.82524,-3.42929,9.36992,-1.94175,5.75442,-3.09804,9.27184,-1.65049,8.51249,-0.330995,5.33981,-2.42718,8.00971,0.242718,5.51216,-2.62846,5.81856,-3.35515,9.51529,-2.37344,9.66177,-3.1221,5,1.60297e-30,4.41521,3.75,5,3.75,4.41521,1.38424e-30,5.66341,1.00453e-30,5.66341,3.75,6.00458,1.1504e-30,6.00458,3.75,6.21268,1.02931e-30,6.21268,3.75,6.55385,1.18231e-30,6.55385,3.75,-7.27626,-3.67436,-11.5046,-1.24337,-7.0969,-3.38415,-6.875,-3.125,-10.9598,-0.426156,-10.3125,0.3125,-12.5,-5,-7.5,-4.41521,-7.5,-5,-7.49139,-4.31975,-12.2509,-3.05581,-12.0638,-2.5,-7.40881,-3.98873,-11.7566,-1.75665,-12.4395,-4.0197,-11.9375,-2.125,6.84526,1.03947e-30,6.84526,3.75,7.18643,1.19568e-30,7.18643,3.75,5,-1.19618e-31,6,3.75,6,-1.19618e-31,5,3.75,2,-0,2.59726,3.75,2.59726,-4.62973e-31,2,3.75,3,1.4013e-45,3,3.75,5.07091,1.38424e-30,4.97507,3.75,5.07091,3.75,4.97507,1.34624e-30,3,-1.4013e-45,3.41769,3.75,3.41769,-3.49134e-31,4,1.4013e-45,4,3.75,8.88178e-16,-0,1,3.75,1,0,8.88178e-16,3.75,1,-1.4013e-45,2,-1.4013e-45,4,-1.4013e-45,5,-1.4013e-45]}}],"meshes":[{"aabb":{"min":[-1.5,-3.45013e-31,-0.625],"max":[0.75,1.5,1.5]},"vertices":0,"indices":[0,1,2,3,2,1,20,21,22,21,20,23,24,25,26,27,26,25,28,29,30,31,30,29,48,49,50,51,50,49,52,53,54,53,52,55,56,57,58,57,56,59,57,60,58,60,57,61,62,63,64,63,62,65,66,67,68,67,66,61,67,69,68,69,67,70,71,72,73,72,71,74,75,59,76,59,75,72,77,55,78,55,77,70],"type":"triangles","base":0,"count":84},{"aabb":{"min":[-1.5,-3.45013e-31,-0.625],"max":[0.75,1.5,1.5]},"vertices":0,"indices":[4,5,6,7,8,9,10,11,12,13,14,15,16,6,5,11,10,17,12,11,4,18,17,10,19,17,18,7,9,19,17,19,9,6,16,13,5,4,11,14,13,16],"type":"triangles","base":0,"count":42},{"aabb":{"min":[-1.5,-3.45013e-31,-0.625],"max":[0.75,1.5,1.5]},"vertices":0,"indices":[32,33,34,35,36,37,38,39,40,41,42,43,36,35,34,44,45,32,43,44,41,46,41,39,46,39,38,42,41,46,47,44,43,45,44,47,33,32,45,36,34,33],"type":"triangles","base":0,"count":42}],"meshInstances":[{"node":2,"mesh":0},{"node":2,"mesh":1},{"node":2,"mesh":2}]}}